Workbook

Sheet Төсөл төлөвлөгөө биелэлт Нийгэм
U1: ТЭЗҮ Зураг төсл | V1: =+(G7*Q7+G9*Q9)/15% -> 0.60634885
B2: ТӨСЛИЙН ГҮЙЦЭТГЭЛ | U2: Барилга угсралт | V2: =+Q528 -> 0.23842289
B4: Д/Д | C4: Багцын дугаар | D4: Ажлын нэр | E4: Урьдчилсан төсөвт өртөг | F4: Хэсэгт эзлэх | G4: Төсөлд эзлэх хувь | H4: Төлөвлөгөөт хугацаа Гэрээ хавсралт 5 | J4: Төлөвлөгөөт хугацаа Гэрээ-Газар чөлөөлөлт хуулийн маргаан хассан Хавсралт 5 | L4: Бодит төлөвлөгөөт хугацаа Гүйцэтгэгч | N4: Төлөвлөгөөт хувь Гэрээ Хавсралт 5 | O4: Төлөвлөгөөт хувь Гэрээ-Газар чөлөөлөлт хуулийн маргаан хассан Хавсралт 5 | P4: Төлөвлөгөөт хувь Гүйцэтгэгч | Q4: Гүйцэтгэлийн хувь | R4: Төлөвлөгөө биелэлт Гэрээ | S4: Төлөвлөгөө биелэлт Гэрээ-Газар чөлөөлөлт хуулийн маргаан хассан | T4: Төлөвлөгөө биелэлт- Гүйцэтгэгч
H5: Эхлэх | I5: Дуусах | J5: Эхлэх | K5: Дуусах | L5: Эхлэх | M5: Дуусах
B6: ТӨСЛИЙН НИЙТ ГҮЙЦЭТГЭЛ | E6: =E7+E9+E528 -> 2.671905e+12 | G6: =+G7+G9+G83+G268+G342+G528+G904+G909 -> 1 | N6: =+$G7*N7+$G9*N9+$G83*N83+$G268*N268+$G342*N342+$G528*N528+$G904*N904+$G909*N909 -> 0.68721741 | O6: =+$G7*O7+$G9*O9+$G83*O83+$G268*O268+$G342*O342+$G528*O528+$G904*O904+$G909*O909 -> 0.61137166 | P6: =+$G7*P7+$G9*P9+$G83*P83+$G268*P268+$G342*P342+$G528*P528+$G904*P904+$G909*P909 -> 0.5773247 | Q6: =+$G7*Q7+$G9*Q9+$G83*Q83+$G268*Q268+$G342*Q342+$G528*Q528+$G904*Q904+$G909*Q909 -> 0.32246276 | R6: =+IF(N6=0,0,$Q6/N6) -> 0.46922961 | S6: =+IF(O6=0,0,$Q6/O6) -> 0.52744145 | T6: =+IF(P6=0,0,$Q6/P6) -> 0.55854661
B7: 1 | D7: ТЭЗҮ | E7: =E8 -> 3553800000 | G7: 0.05 | N7: =+($F8*N8) -> 1 | O7: =+($F8*O8) -> 1 | P7: =+($F8*P8) -> 1 | Q7: =+($F8*Q8) -> 1 | R7: =+IF(N7=0,0,$Q7/N7) -> 1 | S7: =+IF(O7=0,0,$Q7/O7) -> 1 | T7: =+IF(P7=0,0,$Q7/P7) -> 1
B8: 1.1 | C8: БАГЦ 1-6 БАГЦ 8-17 | D8: "Сэлбэ дэд төв" орчмын гэр хорооллыг дахин төлөвлөн орон сууцжуулах төслийн ТЭЗҮ, барилгажилтын төсөл, олон улсын зөвлөх үйлчилгээ, зураг төслийг боловсруулах ажил | E8: 3553800000 | F8: 1 | G8: =+F8*G7 -> 0.05 | H8: 45390 | I8: 45555 | J8: 45390 | K8: 45657 | L8: 45390 | M8: 45838 | N8: 1 | O8: 1 | P8: 1 | Q8: 1 | R8: =+IF(N8=0,0,$Q8/N8) -> 1 | S8: =+IF(O8=0,0,$Q8/O8) -> 1 | T8: =+IF(P8=0,0,$Q8/P8) -> 1
B9: 2 | D9: Ажлын зураг төсөл | E9: =E10+E61+E62+E70 -> 8220164289 | G9: 0.1 | N9: =+($F10*N10+$F61*N61+$F62*N62+$F70*N70) -> 0.99460003 | O9: =+($F10*O10+$F61*O61+$F62*O62+$F70*O70) -> 0.99460003 | P9: =+($F10*P10+$F61*P61+$F62*P62+$F70*P70) -> 0.99460003 | Q9: =+($F10*Q10+$F61*Q61+$F62*Q62) -> 0.40952328 | R9: =+IF(N9=0,0,$Q9/N9) -> 0.4117467 | S9: =+IF(O9=0,0,$Q9/O9) -> 0.4117467 | T9: =+IF(P9=0,0,$Q9/P9) -> 0.4117467
B10: 2.1 | C10: БАГЦ 1-6 БАГЦ 10-17 | D10: "Сэлбэ дэд төв" орчмын гэр хорооллыг дахин төлөвлөн орон сууцжуулах төслийн ТЭЗҮ, барилгажилтын төсөл, олон улсын зөвлөх үйлчилгээ, зураг төслийг боловсруулах ажил (Барилгажилты төсөл Хувилбар 2) нэмэлт ажил | E10: 533070000 | F10: =E10/$E$9 -> 0.064849069 | G10: =+F10*G9 -> 0.0064849069 | H10: 45768 | I10: 45884 | J10: 45768 | K10: 45884 | L10: 45768 | M10: 45884 | N10: =$F11*N11+$F19*N19+$F35*N35 -> 0.91673011 | O10: =$F11*O11+$F19*O19+$F35*O35 -> 0.91673011 | P10: =$F11*P11+$F19*P19+$F35*P35 -> 0.91673011 | Q10: =$F11*Q11+$F19*Q19+$F35*Q35 -> 0.91002471 | R10: =+IF(N10=0,0,$Q10/N10) -> 0.99268552 | S10: =+IF(O10=0,0,$Q10/O10) -> 0.99268552 | T10: =+IF(P10=0,0,$Q10/P10) -> 0.99268552
B11: 2.1.1 | C11: Багц- 1-4 | D11: Орон сууцны хороолол барилга угсралт | F11: =F719 -> 0.72937579 | G11: =+F11*G9 -> 0.072937579 | H11: 45768 | I11: 45884 | J11: 45768 | K11: 45884 | L11: 45768 | M11: 45884 | N11: =+$F12*N12+$F13*N13+$F14*N14+$F15*N15+$F16*N16+$F17*N17+$F18*N18 -> 1 | O11: =+$F12*O12+$F13*O13+$F14*O14+$F15*O15+$F16*O16+$F17*O17+$F18*O18 -> 1 | P11: =+$F12*P12+$F13*P13+$F14*P14+$F15*P15+$F16*P16+$F17*P17+$F18*P18 -> 1 | Q11: =+$F12*Q12+$F13*Q13+$F14*Q14+$F15*Q15+$F16*Q16+$F17*Q17+$F18*Q18 -> 1 | R11: =+IF(N11=0,0,$Q11/N11) -> 1 | S11: =+IF(O11=0,0,$Q11/O11) -> 1 | T11: =+IF(P11=0,0,$Q11/P11) -> 1
B12: 2.1.1 | C12: Багц-1 | D12: Орон сууцны хороолол барилга угсралт | F12: 0.20095297 | G12: =+F12*G11 -> 0.014657023 | H12: 45768 | I12: 45884 | J12: 45768 | K12: 45884 | L12: 45768 | M12: 45884 | N12: 1 | O12: 1 | P12: 1 | Q12: 1 | R12: =+IF(N12=0,0,$Q12/N12) -> 1 | S12: =+IF(O12=0,0,$Q12/O12) -> 1 | T12: =+IF(P12=0,0,$Q12/P12) -> 1
B13: 2.1.2 | C13: Багц-2 | D13: Орон сууцны хороолол барилга угсралт | F13: 0.24153553 | G13: =+F13*G11 -> 0.017617017 | H13: 45768 | I13: 45884 | J13: 45768 | K13: 45884 | L13: 45768 | M13: 45884 | N13: 1 | O13: 1 | P13: 1 | Q13: 1 | R13: =+IF(N13=0,0,$Q13/N13) -> 1 | S13: =+IF(O13=0,0,$Q13/O13) -> 1 | T13: =+IF(P13=0,0,$Q13/P13) -> 1
B14: 2.1.3 | C14: Багц-3.1 | D14: Орон сууцны хороолол барилга угсралт | F14: 0.094678015 | G14: =+F14*G11 -> 0.0069055852 | H14: 45768 | I14: 45884 | J14: 45768 | K14: 45884 | L14: 45768 | M14: 45884 | N14: 1 | O14: 1 | P14: 1 | Q14: 1 | R14: =+IF(N14=0,0,$Q14/N14) -> 1 | S14: =+IF(O14=0,0,$Q14/O14) -> 1 | T14: =+IF(P14=0,0,$Q14/P14) -> 1
B15: 2.1.4 | C15: Багц-3.2 | D15: Орон сууцны хороолол барилга угсралт | F15: 0.10115553 | G15: =+F15*G11 -> 0.0073780393 | H15: 45768 | I15: 45884 | J15: 45768 | K15: 45884 | L15: 45768 | M15: 45884 | N15: 1 | O15: 1 | P15: 1 | Q15: 1 | R15: =+IF(N15=0,0,$Q15/N15) -> 1 | S15: =+IF(O15=0,0,$Q15/O15) -> 1 | T15: =+IF(P15=0,0,$Q15/P15) -> 1
B16: 2.1.5 | C16: Багц-3.3 | D16: Орон сууцны хороолол барилга угсралт | F16: 0.11541079 | G16: =+F16*G11 -> 0.0084177839 | H16: 45768 | I16: 45884 | J16: 45768 | K16: 45884 | L16: 45768 | M16: 45884 | N16: 1 | O16: 1 | P16: 1 | Q16: 1 | R16: =+IF(N16=0,0,$Q16/N16) -> 1 | S16: =+IF(O16=0,0,$Q16/O16) -> 1 | T16: =+IF(P16=0,0,$Q16/P16) -> 1
B17: 2.1.6 | C17: Багц-4.1 | D17: Орон сууцны хороолол барилга угсралт | F17: 0.13984312 | G17: =+F17*G11 -> 0.010199819 | H17: 45768 | I17: 45884 | J17: 45768 | K17: 45884 | L17: 45768 | M17: 45884 | N17: 1 | O17: 1 | P17: 1 | Q17: 1 | R17: =+IF(N17=0,0,$Q17/N17) -> 1 | S17: =+IF(O17=0,0,$Q17/O17) -> 1 | T17: =+IF(P17=0,0,$Q17/P17) -> 1
B18: 2.1.7 | C18: Багц-4.2 | D18: Орон сууцны хороолол барилга угсралт | F18: 0.10642405 | G18: =+F18*G11 -> 0.0077623123 | H18: 45768 | I18: 45884 | J18: 45768 | K18: 45884 | L18: 45768 | M18: 45884 | N18: 1 | O18: 1 | P18: 1 | Q18: 1 | R18: =+IF(N18=0,0,$Q18/N18) -> 1 | S18: =+IF(O18=0,0,$Q18/O18) -> 1 | T18: =+IF(P18=0,0,$Q18/P18) -> 1
B19: 2.1.2 | C19: Багц-16, 17 | D19: ГАДНА ТОХИЖИЛТ, ӨНДӨРЖИЛТ | F19: =F842 -> 0.036449139 | G19: =+F19*G9 -> 0.0036449139 | H19: 45768 | I19: 45884 | J19: 45768 | K19: 45884 | N19: =+SUMPRODUCT($F20:$F34,N20:N34) -> 0.53129205 | O19: =+SUMPRODUCT($F20:$F34,O20:O34) -> 0.53129205 | P19: =+SUMPRODUCT($F20:$F34,P20:P34) -> 0.53129205 | Q19: =+SUMPRODUCT($F20:$F34,Q20:Q34) -> 0.90709062 | R19: =+IF(N19=0,0,$Q19/N19) -> 1.7073296 | S19: =+IF(O19=0,0,$Q19/O19) -> 1.7073296 | T19: =+IF(P19=0,0,$Q19/P19) -> 1.7073296
B20: 2.2.1 | C20: БАГЦ-16.1 | D20: Өндөржилтийн ажил БАГЦ 1 | F20: =F843 -> 0.092877611 | G20: =+F20*G19 -> 0.00033853089 | H20: 45768 | I20: 45884 | J20: 45768 | K20: 45884 | N20: 1 | O20: 1 | P20: 1 | Q20: 1 | R20: =+IF(N20=0,0,$Q20/N20) -> 1 | S20: =+IF(O20=0,0,$Q20/O20) -> 1 | T20: =+IF(P20=0,0,$Q20/P20) -> 1
B21: 2.2.2 | C21: БАГЦ-16.2 | D21: Өндөржилтийн ажил БАГЦ 2 | F21: =F844 -> 0.058105219 | G21: =+F21*G19 -> 0.00021178852 | H21: 45768 | I21: 45884 | J21: 45768 | K21: 45884 | N21: 1 | O21: 1 | P21: 1 | Q21: 1 | R21: =+IF(N21=0,0,$Q21/N21) -> 1 | S21: =+IF(O21=0,0,$Q21/O21) -> 1 | T21: =+IF(P21=0,0,$Q21/P21) -> 1
B22: 2.2.3 | C22: БАГЦ-16.3 | D22: Өндөржилтийн ажил БАГЦ 3.1 | F22: =F845 -> 0.027796911 | G22: =+F22*G19 -> 0.00010131735 | H22: 45768 | I22: 45884 | J22: 45768 | K22: 45884 | N22: 1 | O22: 1 | P22: 1 | Q22: 1 | R22: =+IF(N22=0,0,$Q22/N22) -> 1 | S22: =+IF(O22=0,0,$Q22/O22) -> 1 | T22: =+IF(P22=0,0,$Q22/P22) -> 1
B23: 2.2.4 | C23: БАГЦ-16.4 | D23: Өндөржилтийн ажил БАГЦ 3.2 | F23: =F846 -> 0.0291553 | G23: =+F23*G19 -> 0.00010626856 | H23: 45768 | I23: 45884 | J23: 45768 | K23: 45884 | N23: 1 | O23: 1 | P23: 1 | Q23: 1 | R23: =+IF(N23=0,0,$Q23/N23) -> 1 | S23: =+IF(O23=0,0,$Q23/O23) -> 1 | T23: =+IF(P23=0,0,$Q23/P23) -> 1
B24: 2.2.5 | C24: БАГЦ-16.5 | D24: Өндөржилтийн ажил БАГЦ 3.3 | F24: =F847 -> 0.040182802 | G24: =+F24*G19 -> 0.00014646285 | H24: 45768 | I24: 45884 | J24: 45768 | K24: 45884 | N24: 1 | O24: 1 | P24: 1 | Q24: 1 | R24: =+IF(N24=0,0,$Q24/N24) -> 1 | S24: =+IF(O24=0,0,$Q24/O24) -> 1 | T24: =+IF(P24=0,0,$Q24/P24) -> 1
B25: 2.2.6 | C25: БАГЦ-16.6 | D25: Өндөржилтийн ажил БАГЦ 4.1 | F25: =F848 -> 0.098615014 | G25: =+F25*G19 -> 0.00035944323 | H25: 45768 | I25: 45884 | J25: 45768 | K25: 45884 | N25: 1 | O25: 1 | P25: 1 | Q25: 1 | R25: =+IF(N25=0,0,$Q25/N25) -> 1 | S25: =+IF(O25=0,0,$Q25/O25) -> 1 | T25: =+IF(P25=0,0,$Q25/P25) -> 1
B26: 2.2.7 | C26: БАГЦ-16.7 | D26: Өндөржилтийн ажил БАГЦ 4.2 | F26: =F849 -> 0.091649809 | G26: =+F26*G19 -> 0.00033405566 | H26: 45768 | I26: 45884 | J26: 45768 | K26: 45884 | N26: 1 | O26: 1 | P26: 1 | Q26: 1 | R26: =+IF(N26=0,0,$Q26/N26) -> 1 | S26: =+IF(O26=0,0,$Q26/O26) -> 1 | T26: =+IF(P26=0,0,$Q26/P26) -> 1
B27: 2.2.8 | C27: БАГЦ-16.8 | D27: Өндөржилтийн ажил Олон нийтийн бүсийн ГИШС | F27: =F850 -> 0.092909381 | G27: =+F27*G19 -> 0.00033864669 | H27: 45768 | I27: 45884 | J27: 45768 | K27: 45884 | N27: 1 | O27: 1 | P27: 1 | Q27: 0 | R27: =+IF(N27=0,0,$Q27/N27) -> 0 | S27: =+IF(O27=0,0,$Q27/O27) -> 0 | T27: =+IF(P27=0,0,$Q27/P27) -> 0
B28: 2.2.9 | C28: БАГЦ-17.1 | D28: Гадна тохижилтийн ажил БАГЦ 1 | F28: =F851 -> 0.080887029 | G28: =+F28*G19 -> 0.00029482626 | H28: 45768 | I28: 45884 | J28: 45768 | K28: 45884 | Q28: 1 | R28: =+IF(N28=0,0,$Q28/N28) -> 0 | S28: =+IF(O28=0,0,$Q28/O28) -> 0 | T28: =+IF(P28=0,0,$Q28/P28) -> 0
B29: 2.2.10 | C29: БАГЦ-17.2 | D29: Гадна тохижилтийн ажил БАГЦ 2 | F29: =F852 -> 0.11788368 | G29: =+F29*G19 -> 0.00042967586 | H29: 45768 | I29: 45884 | J29: 45768 | K29: 45884 | Q29: 1 | R29: =+IF(N29=0,0,$Q29/N29) -> 0 | S29: =+IF(O29=0,0,$Q29/O29) -> 0 | T29: =+IF(P29=0,0,$Q29/P29) -> 0
B30: 2.2.11 | C30: БАГЦ-17.3 | D30: Гадна тохижилтийн ажил БАГЦ 3.1 | F30: =F853 -> 0.041046639 | G30: =+F30*G19 -> 0.00014961146 | H30: 45768 | I30: 45884 | J30: 45768 | K30: 45884 | Q30: 1 | R30: =+IF(N30=0,0,$Q30/N30) -> 0 | S30: =+IF(O30=0,0,$Q30/O30) -> 0 | T30: =+IF(P30=0,0,$Q30/P30) -> 0
B31: 2.2.12 | C31: БАГЦ-17.4 | D31: Гадна тохижилтийн ажил БАГЦ 3.2 | F31: =F854 -> 0.053741978 | G31: =+F31*G19 -> 0.00019588488 | H31: 45768 | I31: 45884 | J31: 45768 | K31: 45884 | Q31: 1 | R31: =+IF(N31=0,0,$Q31/N31) -> 0 | S31: =+IF(O31=0,0,$Q31/O31) -> 0 | T31: =+IF(P31=0,0,$Q31/P31) -> 0
B32: 2.2.13 | C32: БАГЦ-17.5 | D32: Гадна тохижилтийн ажил БАГЦ 3.3 | F32: =F855 -> 0.058057395 | G32: =+F32*G19 -> 0.0002116142 | H32: 45768 | I32: 45884 | J32: 45768 | K32: 45884 | Q32: 1 | R32: =+IF(N32=0,0,$Q32/N32) -> 0 | S32: =+IF(O32=0,0,$Q32/O32) -> 0 | T32: =+IF(P32=0,0,$Q32/P32) -> 0
B33: 2.2.14 | C33: БАГЦ-17.6 | D33: Гадна тохижилтийн ажил БАГЦ 4.1 | F33: =F856 -> 0.061612727 | G33: =+F33*G19 -> 0.00022457308 | H33: 45768 | I33: 45884 | J33: 45768 | K33: 45884 | Q33: 1 | R33: =+IF(N33=0,0,$Q33/N33) -> 0 | S33: =+IF(O33=0,0,$Q33/O33) -> 0 | T33: =+IF(P33=0,0,$Q33/P33) -> 0
B34: 2.2.15 | C34: БАГЦ-17.7 | D34: Гадна тохижилтийн ажил БАГЦ 4.2 | F34: =F857 -> 0.055478507 | G34: =+F34*G19 -> 0.00020221438 | H34: 45768 | I34: 45884 | J34: 45768 | K34: 45884 | Q34: 1 | R34: =+IF(N34=0,0,$Q34/N34) -> 0 | S34: =+IF(O34=0,0,$Q34/O34) -> 0 | T34: =+IF(P34=0,0,$Q34/P34) -> 0
B35: 2.1.3 | C35: Багц- 5,6 9-15 | D35: ИНЖЕНЕРИЙН ДЭД БҮТЭЦ | F35: =F858 -> 0.16798918 | G35: =+F35*G9 -> 0.016798918 | H35: 45768 | I35: 45884 | J35: 45768 | K35: 45884 | N35: =+$F36*N36+$F48*N48+$F56*N56 -> 1 | O35: =+$F36*O36+$F48*O48+$F56*O56 -> 1 | P35: =+$F36*P36+$F48*P48+$F56*P56 -> 1 | Q35: =+$F36*Q36+$F48*Q48+$F56*Q56 -> 0.87854613 | R35: =+IF(N35=0,0,$Q35/N35) -> 0.87854613 | S35: =+IF(O35=0,0,$Q35/O35) -> 0.87854613 | T35: =+IF(P35=0,0,$Q35/P35) -> 0.87854613
B36: 2.3.1 | C36: Багц 6 | D36: Гадна цахилгаан, холбоо дохиолол | F36: 0.5685609 | G36: =+F36*G35 -> 0.0095512081 | H36: 45768 | I36: 45884 | J36: 45768 | K36: 45884 | N36: =+SUMPRODUCT($F37:$F47,N37:N47) -> 1 | O36: =+SUMPRODUCT($F37:$F47,O37:O47) -> 1 | P36: =+SUMPRODUCT($F37:$F47,P37:P47) -> 1 | Q36: =+SUMPRODUCT($F37:$F47,Q37:Q47) -> 0.86016081 | R36: =+IF(N36=0,0,$Q36/N36) -> 0.86016081 | S36: =+IF(O36=0,0,$Q36/O36) -> 0.86016081 | T36: =+IF(P36=0,0,$Q36/P36) -> 0.86016081
B37: 2.3.1.1 | C37: Багц-6.1 | D37: Багц 1 Гадна цахилгаан, холбоо дохиолол | F37: 0.050651268 | G37: =+F37*G36 -> 0.0004837808 | H37: 45768 | I37: 45884 | J37: 45768 | K37: 45884 | N37: 1 | O37: 1 | P37: 1 | Q37: 1 | R37: =+IF(N37=0,0,$Q37/N37) -> 1 | S37: =+IF(O37=0,0,$Q37/O37) -> 1 | T37: =+IF(P37=0,0,$Q37/P37) -> 1
B38: 2.3.1.2 | C38: Багц-6.2 | D38: Багц 2 Гадна цахилгаан, холбоо дохиолол | F38: 0.082125454 | G38: =+F38*G36 -> 0.0007843973 | H38: 45768 | I38: 45884 | J38: 45768 | K38: 45884 | N38: 1 | O38: 1 | P38: 1 | Q38: 1 | R38: =+IF(N38=0,0,$Q38/N38) -> 1 | S38: =+IF(O38=0,0,$Q38/O38) -> 1 | T38: =+IF(P38=0,0,$Q38/P38) -> 1
B39: 2.3.1.3 | C39: Багц-6.3 | D39: Багц 3 Гадна цахилгаан, холбоо дохиолол | F39: 0.066964931 | G39: =+F39*G36 -> 0.00063959599 | H39: 45768 | I39: 45884 | J39: 45768 | K39: 45884 | N39: 1 | O39: 1 | P39: 1 | Q39: 1 | R39: =+IF(N39=0,0,$Q39/N39) -> 1 | S39: =+IF(O39=0,0,$Q39/O39) -> 1 | T39: =+IF(P39=0,0,$Q39/P39) -> 1
B40: 2.3.1.4 | C40: Багц-6.4 | D40: Багц 4 Гадна цахилгаан, холбоо дохиолол | F40: 0.082833365 | G40: =+F40*G36 -> 0.0007911587 | H40: 45768 | I40: 45884 | J40: 45768 | K40: 45884 | N40: 1 | O40: 1 | P40: 1 | Q40: 1 | R40: =+IF(N40=0,0,$Q40/N40) -> 1 | S40: =+IF(O40=0,0,$Q40/O40) -> 1 | T40: =+IF(P40=0,0,$Q40/P40) -> 1
B41: 2.3.1.5 | C41: Багц-6.5 | D41: "Сэлбэ дэд төв"-ийн барилгажилтын төслийн ХТП, РП-ний тоноглол, барилга угсралтын ажил (A хэсэг) | F41: 0.18485404 | G41: =+F41*G36 -> 0.0017655794 | H41: 45768 | I41: 45884 | J41: 45768 | K41: 45884 | N41: 1 | O41: 1 | P41: 1 | Q41: 1 | R41: =+IF(N41=0,0,$Q41/N41) -> 1 | S41: =+IF(O41=0,0,$Q41/O41) -> 1 | T41: =+IF(P41=0,0,$Q41/P41) -> 1
B42: 2.3.1.6 | C42: Багц-6.6 | D42: "Сэлбэ дэд төв"-ийн барилгажилтын төслийн ХТП, РП-ний тоноглол, барилга угсралтын ажил (B хэсэг) | F42: 0.10096602 | G42: =+F42*G36 -> 0.0009643475 | H42: 45768 | I42: 45884 | J42: 45768 | K42: 45884 | N42: 1 | O42: 1 | P42: 1 | Q42: 1 | R42: =+IF(N42=0,0,$Q42/N42) -> 1 | S42: =+IF(O42=0,0,$Q42/O42) -> 1 | T42: =+IF(P42=0,0,$Q42/P42) -> 1
B43: 2.3.1.7 | C43: Багц-6.7 | D43: "Сэлбэ дэд төв"-ийн барилгажилтын төслийн ХТП, РП-ний тоноглол, барилга угсралтын ажил (C хэсэг) | F43: 0.10262124 | G43: =+F43*G36 -> 0.00098015681 | H43: 45768 | I43: 45884 | J43: 45768 | K43: 45884 | N43: 1 | O43: 1 | P43: 1 | Q43: 1 | R43: =+IF(N43=0,0,$Q43/N43) -> 1 | S43: =+IF(O43=0,0,$Q43/O43) -> 1 | T43: =+IF(P43=0,0,$Q43/P43) -> 1
B44: 2.3.1.8 | C44: Багц-6.8 | D44: "Сэлбэ дэд төв"-ийн барилгажилтын төслийн ХТП, РП-ний тоноглол, барилга угсралтын ажил (D хэсэг) | F44: 0.16486816 | G44: =+F44*G36 -> 0.0015746901 | H44: 45768 | I44: 45884 | J44: 45768 | K44: 45884 | N44: 1 | O44: 1 | P44: 1 | Q44: 1 | R44: =+IF(N44=0,0,$Q44/N44) -> 1 | S44: =+IF(O44=0,0,$Q44/O44) -> 1 | T44: =+IF(P44=0,0,$Q44/P44) -> 1
B45: 2.3.1.9 | C45: БАГЦ-6.1, 6.2 | D45: Төгөл дэд станц өргөтгөх 6.1, 6.2 зам сүвлэх ажил | F45: 0.0045095887 | G45: =+F45*G36 -> 4.307202e-05 | H45: 45768 | I45: 45884 | J45: 45768 | K45: 45884 | N45: 1 | O45: 1 | P45: 1 | Q45: 1 | R45: =+IF(N45=0,0,$Q45/N45) -> 1 | S45: =+IF(O45=0,0,$Q45/O45) -> 1 | T45: =+IF(P45=0,0,$Q45/P45) -> 1
B46: 2.3.1.10 | C46: БАГЦ-6.9 | D46: Нэгдсэн хяналтын систем -Удирдлагын төв | F46: 0.13983919 | G46: =+F46*G36 -> 0.0013356332 | H46: 45768 | I46: 45884 | J46: 45768 | K46: 45884 | N46: 1 | O46: 1 | P46: 1 | Q46: 0 | R46: =+IF(N46=0,0,$Q46/N46) -> 0 | S46: =+IF(O46=0,0,$Q46/O46) -> 0 | T46: =+IF(P46=0,0,$Q46/P46) -> 0
B47: 2.3.1.11 | C47: БАГЦ-6.10 | D47: Цахилгаан дамжуулах агаарын шугам шилжүүлэх, 10 кВ-ын ЦДАШ-ын трасс шилжүүлэх ажил | F47: 0.019766747 | G47: =+F47*G36 -> 0.00018879631 | H47: 45768 | I47: 45884 | J47: 45768 | K47: 45884 | N47: 1 | O47: 1 | P47: 1 | Q47: 1 | R47: =+IF(N47=0,0,$Q47/N47) -> 1 | S47: =+IF(O47=0,0,$Q47/O47) -> 1 | T47: =+IF(P47=0,0,$Q47/P47) -> 1
B48: 2.3.2 | C48: Багц 5, 9,11,14 | D48: Гадна дулаан, ус хангамж, ариутгах татуурга | F48: 0.36394064 | G48: =+F48*G35 -> 0.006113809 | H48: 45768 | I48: 45884 | J48: 45768 | K48: 45884 | N48: =+SUMPRODUCT($F49:$F55,N49:N55) -> 1 | O48: =+SUMPRODUCT($F49:$F55,O49:O55) -> 1 | P48: =+SUMPRODUCT($F49:$F55,P49:P55) -> 1 | Q48: =+SUMPRODUCT($F49:$F55,Q49:Q55) -> 0.89076914 | R48: =+IF(N48=0,0,$Q48/N48) -> 0.89076914 | S48: =+IF(O48=0,0,$Q48/O48) -> 0.89076914 | T48: =+IF(P48=0,0,$Q48/P48) -> 0.89076914
B49: 2.3.2.1 | C49: Багц-5.1 | D49: Багц 1 Гадна дулаан, ус хангамж, ариутгах татуурга | F49: 0.071676986 | G49: =+F49*G48 -> 0.0004382194 | H49: 45768 | I49: 45884 | J49: 45768 | K49: 45884 | N49: 1 | O49: 1 | P49: 1 | Q49: 1 | R49: =+IF(N49=0,0,$Q49/N49) -> 1 | S49: =+IF(O49=0,0,$Q49/O49) -> 1 | T49: =+IF(P49=0,0,$Q49/P49) -> 1
B50: 2.3.2.2 | C50: Багц-5.2 | D50: Багц 2 Гадна дулаан, ус хангамж, ариутгах татуурга | F50: 0.15362856 | G50: =+F50*G48 -> 0.00093925568 | H50: 45768 | I50: 45884 | J50: 45768 | K50: 45884 | N50: 1 | O50: 1 | P50: 1 | Q50: 1 | R50: =+IF(N50=0,0,$Q50/N50) -> 1 | S50: =+IF(O50=0,0,$Q50/O50) -> 1 | T50: =+IF(P50=0,0,$Q50/P50) -> 1
B51: 2.3.2.3 | C51: Багц-5.3 | D51: Багц 3 Гадна дулаан, ус хангамж, ариутгах татуурга | F51: 0.20080922 | G51: =+F51*G48 -> 0.0012277092 | H51: 45768 | I51: 45884 | J51: 45768 | K51: 45884 | N51: 1 | O51: 1 | P51: 1 | Q51: 1 | R51: =+IF(N51=0,0,$Q51/N51) -> 1 | S51: =+IF(O51=0,0,$Q51/O51) -> 1 | T51: =+IF(P51=0,0,$Q51/P51) -> 1
B52: 2.3.2.4 | C52: Багц-5.4 | D52: Багц 4 Гадна дулаан, ус хангамж, ариутгах татуурга | F52: 0.23658748 | G52: =+F52*G48 -> 0.0014464506 | H52: 45768 | I52: 45884 | J52: 45768 | K52: 45884 | N52: 1 | O52: 1 | P52: 1 | Q52: 1 | R52: =+IF(N52=0,0,$Q52/N52) -> 1 | S52: =+IF(O52=0,0,$Q52/O52) -> 1 | T52: =+IF(P52=0,0,$Q52/P52) -> 1
B53: 2.3.2.5 | C53: БАГЦ-14 | D53: Нэвтрэх суваг | F53: 0.13605595 | G53: =+F53*G48 -> 0.00083182008 | H53: 45768 | I53: 45884 | J53: 45768 | K53: 45884 | N53: 1 | O53: 1 | P53: 1 | Q53: 1 | R53: =+IF(N53=0,0,$Q53/N53) -> 1 | S53: =+IF(O53=0,0,$Q53/O53) -> 1 | T53: =+IF(P53=0,0,$Q53/P53) -> 1
B54: 2.3.2.6 | C54: БАГЦ -9 | D54: Дамбадаржаа 1-р контур барилга угсралт | F54: 0.10923086 | G54: =+F54*G48 -> 0.00066781658 | H54: 45768 | I54: 45884 | J54: 45768 | K54: 45884 | N54: 1 | O54: 1 | P54: 1 | Q54: 0 | R54: =+IF(N54=0,0,$Q54/N54) -> 0 | S54: =+IF(O54=0,0,$Q54/O54) -> 0 | T54: =+IF(P54=0,0,$Q54/P54) -> 0
B55: 2.3.2.7 | C55: БАГЦ-11 | D55: Гадна ус хангамж цагирган системийн ажил | F55: 0.092010956 | G55: =+F55*G48 -> 0.00056253741 | H55: 45768 | I55: 45884 | J55: 45768 | K55: 45884 | N55: 1 | O55: 1 | P55: 1 | Q55: 1 | R55: =+IF(N55=0,0,$Q55/N55) -> 1 | S55: =+IF(O55=0,0,$Q55/O55) -> 1 | T55: =+IF(P55=0,0,$Q55/P55) -> 1
B56: 2.3.3 | C56: Багц 10,12,13,15 | D56: Инженерийн дэд бүтэц, эх үүсвэрийн шугам сүлжээний өргөтгөл | F56: 0.067498464 | G56: =+F56*G35 -> 0.0011339012 | H56: 45768 | I56: 45884 | J56: 45768 | K56: 45884 | N56: =+SUMPRODUCT($F57:$F60,N57:N60) -> 1 | O56: =+SUMPRODUCT($F57:$F60,O57:O60) -> 1 | P56: =+SUMPRODUCT($F57:$F60,P57:P60) -> 1 | Q56: =+SUMPRODUCT($F57:$F60,Q57:Q60) -> 0.96750701 | R56: =+IF(N56=0,0,$Q56/N56) -> 0.96750701 | S56: =+IF(O56=0,0,$Q56/O56) -> 0.96750701 | T56: =+IF(P56=0,0,$Q56/P56) -> 0.96750701
B57: 2.3.3.2 | C57: Багц-10 | D57: Гадна усан хангамж эх үүсвэрийн ажил | F57: 0.49999532 | G57: =+F57*G56 -> 0.00056694528 | H57: 45768 | I57: 45884 | J57: 45768 | K57: 45884 | N57: 1 | O57: 1 | P57: 1 | Q57: 1 | R57: =+IF(N57=0,0,$Q57/N57) -> 1 | S57: =+IF(O57=0,0,$Q57/O57) -> 1 | T57: =+IF(P57=0,0,$Q57/P57) -> 1
B58: 2.3.3.3 | C58: Багц-12 | D58: Гадна ариутгах татуурга / Ф600 ширмэн хоолой/ | F58: 0.16246495 | G58: =+F58*G56 -> 0.00018421919 | H58: 45768 | I58: 45884 | J58: 45768 | K58: 45884 | N58: 1 | O58: 1 | P58: 1 | Q58: 0.8 | R58: =+IF(N58=0,0,$Q58/N58) -> 0.8 | S58: =+IF(O58=0,0,$Q58/O58) -> 0.8 | T58: =+IF(P58=0,0,$Q58/P58) -> 0.8
B59: 2.3.3.4 | C59: Багц-13 | D59: 2000 м3 Усан сангийн байгууламж | F59: 0.19260369 | G59: =+F59*G56 -> 0.00021839355 | H59: 45768 | I59: 45884 | J59: 45768 | K59: 45884 | N59: 1 | O59: 1 | P59: 1 | Q59: 1 | R59: =+IF(N59=0,0,$Q59/N59) -> 1 | S59: =+IF(O59=0,0,$Q59/O59) -> 1 | T59: =+IF(P59=0,0,$Q59/P59) -> 1
B60: 2.3.3.5 | C60: Багц-15 | D60: Насосны барилгын өргөтгөл | F60: 0.14493604 | G60: =+F60*G56 -> 0.00016434314 | H60: 45768 | I60: 45884 | J60: 45768 | K60: 45884 | N60: 1 | O60: 1 | P60: 1 | Q60: 1 | R60: =+IF(N60=0,0,$Q60/N60) -> 1 | S60: =+IF(O60=0,0,$Q60/O60) -> 1 | T60: =+IF(P60=0,0,$Q60/P60) -> 1
B61: 2.2 | C61: БАГЦ 1- 4 | D61: Суурийн холболтын ажил | E61: 2231740000 | F61: =E61/$E$9 -> 0.27149579 | G61: =+F61*G11 -> 0.019802246 | H61: 45768 | I61: 45884 | J61: 45768 | K61: 45884 | L61: 45768 | M61: 45884 | N61: 1 | O61: 1 | P61: 1 | Q61: 0.92 | R61: =+IF(N61=0,0,$Q61/N61) -> 0.92 | S61: =+IF(O61=0,0,$Q61/O61) -> 0.92 | T61: =+IF(P61=0,0,$Q61/P61) -> 0.92
B62: 2.3 | C62: Багц 7-9, 18 | D62: Инженерийн бэлтгэл арга хэмжээний дэд бүтэц | E62: =SUM(E63:E69) -> 5455354289 | F62: =E62/$E$9 -> 0.66365514 | G62: =+F62*G35 -> 0.011148688 | H62: 45768 | I62: 45884 | J62: 45768 | K62: 45884 | N62: =+SUMPRODUCT($F63:$F69,N63:N69) -> 1 | O62: =+SUMPRODUCT($F63:$F69,O63:O69) -> 1 | P62: =+SUMPRODUCT($F63:$F69,P63:P69) -> 1 | Q62: =+SUMPRODUCT($F63:$F69,Q63:Q69) -> 0.15178501 | R62: =+IF(N62=0,0,$Q62/N62) -> 0.15178501 | S62: =+IF(O62=0,0,$Q62/O62) -> 0.15178501 | T62: =+IF(P62=0,0,$Q62/P62) -> 0.15178501
B63: 2.3.4.1 | C63: БАГЦ-7.1 | D63: Хөрсний ус зайлуулах, доошлуулах байгууламж | E63: 505000000 | F63: =E63/$E$62 -> 0.092569607 | G63: =+F63*G62 -> 0.0010320297 | H63: 45768 | I63: 45884 | J63: 45768 | K63: 45884 | N63: 1 | O63: 1 | P63: 1 | Q63: 1 | R63: =+IF(N63=0,0,$Q63/N63) -> 1 | S63: =+IF(O63=0,0,$Q63/O63) -> 1 | T63: =+IF(P63=0,0,$Q63/P63) -> 1
B64: 2.3.4.2 | C64: БАГЦ-7.2 | D64: Үерийн болон гадаргуугийн ус зайлуулах системийн ажил | E64: 0 | F64: =E64/$E$62 -> 0 | G64: =+F64*G62 -> 0 | H64: 45768 | I64: 45884 | J64: 45768 | K64: 45884 | N64: 1 | O64: 1 | P64: 1 | Q64: 0 | R64: =+IF(N64=0,0,$Q64/N64) -> 0 | S64: =+IF(O64=0,0,$Q64/O64) -> 0 | T64: =+IF(P64=0,0,$Q64/P64) -> 0
B65: 2.3.3.1 | C65: Багц-8 | D65: 110кв дэд станц, ЦДАШ | E65: 323040989 | F65: =E65/$E$62 -> 0.0592154 | G65: =+F65*G56 -> 6.7144412e-05 | H65: 45768 | I65: 45884 | J65: 45768 | K65: 45884 | N65: 1 | O65: 1 | P65: 1 | Q65: 1 | R65: =+IF(N65=0,0,$Q65/N65) -> 1 | S65: =+IF(O65=0,0,$Q65/O65) -> 1 | T65: =+IF(P65=0,0,$Q65/P65) -> 1
B66: 2.3.3.1 | C66: Багц-9.1 | D66: Дамбадаржаа 63 мВт-ийн станцын өргөтгөлийн ТЭЗҮ, техникийн зураг төсөл боловсруулах | E66: 1500000000 | F66: =E66/$E$62 -> 0.27495923 | G66: =+F66*G57 -> 0.00015588684 | H66: 45768 | I66: 45884 | J66: 45768 | K66: 45884 | N66: 1 | O66: 1 | P66: 1 | Q66: 0 | R66: =+IF(N66=0,0,$Q66/N66) -> 0 | S66: =+IF(O66=0,0,$Q66/O66) -> 0 | T66: =+IF(P66=0,0,$Q66/P66) -> 0
B67: 2.3.3.1 | C67: Багц-9.2 | D67: Дамбадаржаа дулааны станцаас өргөтгөх 1 дүгээр хэлхээний зураг төсөл | E67: 327313300 | F67: =E67/$E$62 -> 0.059998541 | G67: =+F67*G58 -> 1.1052883e-05 | H67: 45768 | I67: 45884 | J67: 45768 | K67: 45884 | N67: 1 | O67: 1 | P67: 1 | Q67: 0 | R67: =+IF(N67=0,0,$Q67/N67) -> 0 | S67: =+IF(O67=0,0,$Q67/O67) -> 0 | T67: =+IF(P67=0,0,$Q67/P67) -> 0
B68: 2.3.3.1 | C68: Багц 18 | D68: Төслийн иж бүрэн авто замын зураг төсөл | E68: 0 | F68: =E68/$E$62 -> 0 | G68: =+F68*G59 -> 0 | H68: 45768 | I68: 45884 | J68: 45768 | K68: 45884 | N68: 1 | O68: 1 | P68: 1 | Q68: 0 | R68: =+IF(N68=0,0,$Q68/N68) -> 0 | S68: =+IF(O68=0,0,$Q68/O68) -> 0 | T68: =+IF(P68=0,0,$Q68/P68) -> 0
B69: 2.3.3.1 | C69: Багц 1–6, 8–17 | D69: «Сэлбэ ухаалаг хот» эдийн засгийн тусгай бүс болохтой холбогдуулан ТЭЗҮ, барилгажилтын төслийг шинэчлэх | E69: 2800000000 | F69: =E69/$E$62 -> 0.51325722 | G69: =+F69*G60 -> 8.4350306e-05 | H69: 45768 | I69: 45884 | J69: 45768 | K69: 45884 | N69: 1 | O69: 1 | P69: 1 | Q69: 0 | R69: =+IF(N69=0,0,$Q69/N69) -> 0 | S69: =+IF(O69=0,0,$Q69/O69) -> 0 | T69: =+IF(P69=0,0,$Q69/P69) -> 0
B70: 2.4 | C70: Багц 19,20 | D70: НИЙГМИЙН ДЭД БҮТЭЦ (Нийслэл төсөв) | E70: =SUM(E71:E82) -> 0 | F70: =E70/$E$9 -> 0 | G70: =+F70*G9 -> 0 | H70: 45768 | I70: 45884 | J70: 45768 | K70: 45884 | N70: =+SUMPRODUCT($F71:$F82,N71:N82) -> 0 | O70: =+SUMPRODUCT($F71:$F82,O71:O82) -> 0 | P70: =+SUMPRODUCT($F71:$F82,P71:P82) -> 0 | Q70: =+SUMPRODUCT($F71:$F82,Q71:Q82) -> 0.091696347 | R70: =+IF(N70=0,0,$Q70/N70) -> 0 | S70: =+IF(O70=0,0,$Q70/O70) -> 0 | T70: =+IF(P70=0,0,$Q70/P70) -> 0
B71: 2.4.1 | C71: БАГЦ - 19.1 | D71: 960 хүүхдийн сургууль | F71: =IF(SUM($E$71:$E$82)=0,F892,E71/SUM($E$71:$E$82)) -> 0.11462043 | G71: =+F71*G70 -> 0 | H71: 45768 | I71: 45884 | J71: 45768 | K71: 45884 | N71: 0 | O71: 0 | P71: 0 | Q71: 0.8 | R71: =+IF(N71=0,0,$Q71/N71) -> 0 | S71: =+IF(O71=0,0,$Q71/O71) -> 0 | T71: =+IF(P71=0,0,$Q71/P71) -> 0
B72: 2.4.2 | C72: БАГЦ - 19.2 | D72: 1,560 хүүхдийн сургууль | F72: =IF(SUM($E$71:$E$82)=0,F893,E72/SUM($E$71:$E$82)) -> 0.16914444 | G72: =+F72*G70 -> 0 | H72: 45768 | I72: 45884 | J72: 45768 | K72: 45884 | N72: 0 | O72: 0 | P72: 0 | Q72: 0 | R72: =+IF(N72=0,0,$Q72/N72) -> 0 | S72: =+IF(O72=0,0,$Q72/O72) -> 0 | T72: =+IF(P72=0,0,$Q72/P72) -> 0
B73: 2.4.3 | C73: БАГЦ - 19.3 | D73: 1,260 хүүхдийн сургууль | F73: =IF(SUM($E$71:$E$82)=0,F894,E73/SUM($E$71:$E$82)) -> 0.15393683 | G73: =+F73*G70 -> 0 | H73: 45768 | I73: 45884 | J73: 45768 | K73: 45884 | N73: 0 | O73: 0 | P73: 0 | Q73: 0 | R73: =+IF(N73=0,0,$Q73/N73) -> 0 | S73: =+IF(O73=0,0,$Q73/O73) -> 0 | T73: =+IF(P73=0,0,$Q73/P73) -> 0
B74: 2.4.4 | C74: БАГЦ - 20.1 | D74: 240 хүүхдийн цэцэрлэг | F74: =IF(SUM($E$71:$E$82)=0,F895,E74/SUM($E$71:$E$82)) -> 0.039190488 | G74: =+F74*G70 -> 0 | H74: 45768 | I74: 45884 | J74: 45768 | K74: 45884 | N74: 0 | O74: 0 | P74: 0 | Q74: 0 | R74: =+IF(N74=0,0,$Q74/N74) -> 0 | S74: =+IF(O74=0,0,$Q74/O74) -> 0 | T74: =+IF(P74=0,0,$Q74/P74) -> 0
B75: 2.4.5 | C75: БАГЦ - 20.2 | D75: 240 хүүхдийн цэцэрлэг | F75: =IF(SUM($E$71:$E$82)=0,F896,E75/SUM($E$71:$E$82)) -> 0.039190488 | G75: =+F75*G70 -> 0 | H75: 45768 | I75: 45884 | J75: 45768 | K75: 45884 | N75: 0 | O75: 0 | P75: 0 | Q75: 0 | R75: =+IF(N75=0,0,$Q75/N75) -> 0 | S75: =+IF(O75=0,0,$Q75/O75) -> 0 | T75: =+IF(P75=0,0,$Q75/P75) -> 0
B76: 2.4.6 | C76: БАГЦ - 20.3 | D76: 240 хүүхдийн цэцэрлэг | F76: =IF(SUM($E$71:$E$82)=0,F897,E76/SUM($E$71:$E$82)) -> 0.039190488 | G76: =+F76*G70 -> 0 | H76: 45768 | I76: 45884 | J76: 45768 | K76: 45884 | N76: 0 | O76: 0 | P76: 0 | Q76: 0 | R76: =+IF(N76=0,0,$Q76/N76) -> 0 | S76: =+IF(O76=0,0,$Q76/O76) -> 0 | T76: =+IF(P76=0,0,$Q76/P76) -> 0
B77: 2.4.7 | C77: БАГЦ - 20.4 | D77: 240 хүүхдийн цэцэрлэг | F77: =IF(SUM($E$71:$E$82)=0,F898,E77/SUM($E$71:$E$82)) -> 0.039190488 | G77: =+F77*G70 -> 0 | H77: 45768 | I77: 45884 | J77: 45768 | K77: 45884 | N77: 0 | O77: 0 | P77: 0 | Q77: 0 | R77: =+IF(N77=0,0,$Q77/N77) -> 0 | S77: =+IF(O77=0,0,$Q77/O77) -> 0 | T77: =+IF(P77=0,0,$Q77/P77) -> 0
B78: 2.4.8 | C78: БАГЦ - 20.5 | D78: 240 хүүхдийн цэцэрлэг | F78: =IF(SUM($E$71:$E$82)=0,F899,E78/SUM($E$71:$E$82)) -> 0.039190488 | G78: =+F78*G70 -> 0 | H78: 45768 | I78: 45884 | J78: 45768 | K78: 45884 | N78: 0 | O78: 0 | P78: 0 | Q78: 0 | R78: =+IF(N78=0,0,$Q78/N78) -> 0 | S78: =+IF(O78=0,0,$Q78/O78) -> 0 | T78: =+IF(P78=0,0,$Q78/P78) -> 0
B79: 2.4.9 | C79: БАГЦ - 20.6 | D79: Цагдаагийн байр | F79: =IF(SUM($E$71:$E$82)=0,F900,E79/SUM($E$71:$E$82)) -> 0.040894422 | G79: =+F79*G70 -> 0 | H79: 45768 | I79: 45884 | J79: 45768 | K79: 45884 | N79: 0 | O79: 0 | P79: 0 | Q79: 0 | R79: =+IF(N79=0,0,$Q79/N79) -> 0 | S79: =+IF(O79=0,0,$Q79/O79) -> 0 | T79: =+IF(P79=0,0,$Q79/P79) -> 0
B80: 2.4.10 | C80: БАГЦ - 20.7 | D80: Өрхийн эмнэлэг | F80: =IF(SUM($E$71:$E$82)=0,F901,E80/SUM($E$71:$E$82)) -> 0.13120294 | G80: =+F80*G70 -> 0 | H80: 45768 | I80: 45884 | J80: 45768 | K80: 45884 | N80: 0 | O80: 0 | P80: 0 | Q80: 0 | R80: =+IF(N80=0,0,$Q80/N80) -> 0 | S80: =+IF(O80=0,0,$Q80/O80) -> 0 | T80: =+IF(P80=0,0,$Q80/P80) -> 0
B81: 2.4.11 | C81: БАГЦ - 20.8 | D81: Сэлбэ цамхаг | F81: =IF(SUM($E$71:$E$82)=0,F902,E81/SUM($E$71:$E$82)) -> 0.17039342 | G81: =+F81*G70 -> 0 | H81: 45768 | I81: 45884 | J81: 45768 | K81: 45884 | N81: 0 | O81: 0 | P81: 0 | Q81: 0 | R81: =+IF(N81=0,0,$Q81/N81) -> 0 | S81: =+IF(O81=0,0,$Q81/O81) -> 0 | T81: =+IF(P81=0,0,$Q81/P81) -> 0
B82: 2.4.12 | C82: БАГЦ - 20.9 | D82: Сэлбэ эко ривэр фронт | F82: =IF(SUM($E$71:$E$82)=0,F903,E82/SUM($E$71:$E$82)) -> 0.023855079 | G82: =+F82*G70 -> 0 | H82: 45768 | I82: 45884 | J82: 45768 | K82: 45884 | N82: 0 | O82: 0 | P82: 0 | Q82: 0 | R82: =+IF(N82=0,0,$Q82/N82) -> 0 | S82: =+IF(O82=0,0,$Q82/O82) -> 0 | T82: =+IF(P82=0,0,$Q82/P82) -> 0
B83: 3 | D83: Газар чөлөөлөлт | G83: 0.03 | N83: =+($F84*N84+$F206*N206+$F222*N222+$F255*N255) -> 1 | O83: =+($F84*O84+$F206*O206+$F222*O222+$F255*O255) -> 1 | P83: =+($F84*P84+$F206*P206+$F222*P222+$F255*P255) -> 1 | Q83: =+($F84*Q84+$F206*Q206+$F222*Q222) -> 0.89334057 | R83: =+IF(N83=0,0,$Q83/N83) -> 0.89334057 | S83: =+IF(O83=0,0,$Q83/O83) -> 0.89334057 | T83: =+IF(P83=0,0,$Q83/P83) -> 0.89334057
B84: 3.1 | D84: Орон сууцны хороолол барилга угсралт | F84: =F719 -> 0.72937579 | G84: =+F84*G83 -> 0.021881274 | N84: =+$F85*N85+$F106*N106+$F133*N133+$F145*N145+$F158*N158+$F173*N173+$F191*N191 -> 1 | O84: =+$F85*O85+$F106*O106+$F133*O133+$F145*O145+$F158*O158+$F173*O173+$F191*O191 -> 1 | P84: =+$F85*P85+$F106*P106+$F133*P133+$F145*P145+$F158*P158+$F173*P173+$F191*P191 -> 1 | Q84: =+$F85*Q85+$F106*Q106+$F133*Q133+$F145*Q145+$F158*Q158+$F173*Q173+$F191*Q191 -> 0.96197183 | R84: =+IF(N84=0,0,$Q84/N84) -> 0.96197183 | S84: =+IF(O84=0,0,$Q84/O84) -> 0.96197183 | T84: =+IF(P84=0,0,$Q84/P84) -> 0.96197183
B85: 3.1.1 | C85: Багц-1 | D85: Орон сууцны хороолол барилга угсралт | F85: 0.20095297 | G85: =+F85*G84 -> 0.0043971069 | N85: =+SUMPRODUCT($F86:$F105,N86:N105) -> 1 | O85: =+SUMPRODUCT($F86:$F105,O86:O105) -> 1 | P85: =+SUMPRODUCT($F86:$F105,P86:P105) -> 1 | Q85: =+SUMPRODUCT($F86:$F105,Q86:Q105) -> 0.85270909 | R85: =+IF(N85=0,0,$Q85/N85) -> 0.85270909 | S85: =+IF(O85=0,0,$Q85/O85) -> 0.85270909 | T85: =+IF(P85=0,0,$Q85/P85) -> 0.85270909
B86: 3.1.1.1 | C86: 5/1 | D86: 9 давхар 71 айлын орон сууцны барилга | F86: =F721 -> 0.044581817 | G86: =+F86*G85 -> 0.00019603101 | N86: 1 | O86: 1 | P86: 1 | Q86: 1 | R86: =+IF(N86=0,0,$Q86/N86) -> 1 | S86: =+IF(O86=0,0,$Q86/O86) -> 1 | T86: =+IF(P86=0,0,$Q86/P86) -> 1
B87: 3.1.1.2 | C87: 5/2 | D87: 9 давхар 71 айлын орон сууцны барилга | F87: =F722 -> 0.044581817 | G87: =+F87*G85 -> 0.00019603101 | N87: 1 | O87: 1 | P87: 1 | Q87: 1 | R87: =+IF(N87=0,0,$Q87/N87) -> 1 | S87: =+IF(O87=0,0,$Q87/O87) -> 1 | T87: =+IF(P87=0,0,$Q87/P87) -> 1
B88: 3.1.1.3 | C88: 5/3 | D88: 9 давхар 71 айлын орон сууцны барилга | F88: =F723 -> 0.044581817 | G88: =+F88*G85 -> 0.00019603101 | N88: 1 | O88: 1 | P88: 1 | Q88: 1 | R88: =+IF(N88=0,0,$Q88/N88) -> 1 | S88: =+IF(O88=0,0,$Q88/O88) -> 1 | T88: =+IF(P88=0,0,$Q88/P88) -> 1
B89: 3.1.1.4 | C89: 5/4 | D89: 9 давхар 71 айлын орон сууцны барилга | F89: =F724 -> 0.044581817 | G89: =+F89*G85 -> 0.00019603101 | N89: 1 | O89: 1 | P89: 1 | Q89: 1 | R89: =+IF(N89=0,0,$Q89/N89) -> 1 | S89: =+IF(O89=0,0,$Q89/O89) -> 1 | T89: =+IF(P89=0,0,$Q89/P89) -> 1
B90: 3.1.1.5 | C90: 5/5 | D90: 9 давхар 71 айлын орон сууцны барилга | F90: =F725 -> 0.044581817 | G90: =+F90*G85 -> 0.00019603101 | N90: 1 | O90: 1 | P90: 1 | Q90: 1 | R90: =+IF(N90=0,0,$Q90/N90) -> 1 | S90: =+IF(O90=0,0,$Q90/O90) -> 1 | T90: =+IF(P90=0,0,$Q90/P90) -> 1
B91: 3.1.1.6 | C91: 5/6 | D91: 9 давхар 71 айлын орон сууцны барилга | F91: =F726 -> 0.044581817 | G91: =+F91*G85 -> 0.00019603101 | N91: 1 | O91: 1 | P91: 1 | Q91: 1 | R91: =+IF(N91=0,0,$Q91/N91) -> 1 | S91: =+IF(O91=0,0,$Q91/O91) -> 1 | T91: =+IF(P91=0,0,$Q91/P91) -> 1
B92: 3.1.1.7 | C92: 5/7 | D92: 9 давхар 71 айлын орон сууцны барилга | F92: =F727 -> 0.044581817 | G92: =+F92*G85 -> 0.00019603101 | N92: 1 | O92: 1 | P92: 1 | Q92: 0 | R92: =+IF(N92=0,0,$Q92/N92) -> 0 | S92: =+IF(O92=0,0,$Q92/O92) -> 0 | T92: =+IF(P92=0,0,$Q92/P92) -> 0
B93: 3.1.1.8 | C93: 5/8 | D93: 9 давхар 71 айлын орон сууцны барилга | F93: =F728 -> 0.044581817 | G93: =+F93*G85 -> 0.00019603101 | N93: 1 | O93: 1 | P93: 1 | Q93: 1 | R93: =+IF(N93=0,0,$Q93/N93) -> 1 | S93: =+IF(O93=0,0,$Q93/O93) -> 1 | T93: =+IF(P93=0,0,$Q93/P93) -> 1
B94: 3.1.1.9 | C94: 5/9 | D94: 9 давхар 71 айлын орон сууцны барилга | F94: =F729 -> 0.044581817 | G94: =+F94*G85 -> 0.00019603101 | N94: 1 | O94: 1 | P94: 1 | Q94: 1 | R94: =+IF(N94=0,0,$Q94/N94) -> 1 | S94: =+IF(O94=0,0,$Q94/O94) -> 1 | T94: =+IF(P94=0,0,$Q94/P94) -> 1
B95: 3.1.1.10 | C95: 5/10 | D95: 9 давхар 71 айлын орон сууцны барилга | F95: =F730 -> 0.044581817 | G95: =+F95*G85 -> 0.00019603101 | N95: 1 | O95: 1 | P95: 1 | Q95: 1 | R95: =+IF(N95=0,0,$Q95/N95) -> 1 | S95: =+IF(O95=0,0,$Q95/O95) -> 1 | T95: =+IF(P95=0,0,$Q95/P95) -> 1
B96: 3.1.1.11 | C96: 5/11 | D96: 9 давхар 71 айлын орон сууцны барилга | F96: =F731 -> 0.044581817 | G96: =+F96*G85 -> 0.00019603101 | N96: 1 | O96: 1 | P96: 1 | Q96: 1 | R96: =+IF(N96=0,0,$Q96/N96) -> 1 | S96: =+IF(O96=0,0,$Q96/O96) -> 1 | T96: =+IF(P96=0,0,$Q96/P96) -> 1
B97: 3.1.1.12 | C97: 5/12 | D97: 9 давхар 71 айлын орон сууцны барилга | F97: =F732 -> 0.044581817 | G97: =+F97*G85 -> 0.00019603101 | N97: 1 | O97: 1 | P97: 1 | Q97: 0 | R97: =+IF(N97=0,0,$Q97/N97) -> 0 | S97: =+IF(O97=0,0,$Q97/O97) -> 0 | T97: =+IF(P97=0,0,$Q97/P97) -> 0
B98: 3.1.1.13 | C98: 29/1 | D98: 12 давхар 117 айлын орон сууцны барилга | F98: =F733 -> 0.058127274 | G98: =+F98*G85 -> 0.00025559184 | N98: 1 | O98: 1 | P98: 1 | Q98: 1 | R98: =+IF(N98=0,0,$Q98/N98) -> 1 | S98: =+IF(O98=0,0,$Q98/O98) -> 1 | T98: =+IF(P98=0,0,$Q98/P98) -> 1
B99: 3.1.1.14 | C99: 29/2 | D99: 12 давхар 117 айлын орон сууцны барилга | F99: =F734 -> 0.058127274 | G99: =+F99*G85 -> 0.00025559184 | N99: 1 | O99: 1 | P99: 1 | Q99: 1 | R99: =+IF(N99=0,0,$Q99/N99) -> 1 | S99: =+IF(O99=0,0,$Q99/O99) -> 1 | T99: =+IF(P99=0,0,$Q99/P99) -> 1
B100: 3.1.1.15 | C100: 29/3 | D100: 12 давхар 117 айлын орон сууцны барилга | F100: =F735 -> 0.058127274 | G100: =+F100*G85 -> 0.00025559184 | N100: 1 | O100: 1 | P100: 1 | Q100: 1 | R100: =+IF(N100=0,0,$Q100/N100) -> 1 | S100: =+IF(O100=0,0,$Q100/O100) -> 1 | T100: =+IF(P100=0,0,$Q100/P100) -> 1
B101: 3.1.1.16 | C101: 29/4 | D101: 12 давхар 117 айлын орон сууцны барилга | F101: =F736 -> 0.058127274 | G101: =+F101*G85 -> 0.00025559184 | N101: 1 | O101: 1 | P101: 1 | Q101: 1 | R101: =+IF(N101=0,0,$Q101/N101) -> 1 | S101: =+IF(O101=0,0,$Q101/O101) -> 1 | T101: =+IF(P101=0,0,$Q101/P101) -> 1
...

Sheet Төсөл төлөвлөгөө биелэлт сараар
B2: ТӨСЛИЙН ГҮЙЦЭТГЭЛ
B4: Д/Д | C4: Багцын дугаар | D4: Ажлын нэр | E4: Урьдчилсан төсөвт өртөг | F4: Хэсэгт эзлэх | G4: Төсөлд эзлэх хувь | H4: Гэрээ/Хавсралт 5 | J4: Гүйцэтгэгч | L4: ОСНАУГ/Газар чөлөөлөлт/ хуулийн маргаан/Өндөржилт нөлөөлөл | N4: 2026 он | S4: 2027 он | AE4: 2028 он
H5: Төлөвлөгөөт эхлэх | I5: Төлөвлөгөөт дуусах | J5: Төлөвлөгөөт эхлэх | K5: Төлөвлөгөөт дуусах | L5: Бодит Эхлэх | M5: Бодит дуусах | N5: 2026 он 8-р сар | O5: 2026 он 9-р сар | P5: 2026 он 10-р сар | Q5: 2026 он 11-р сар | R5: 2026 он 12-р сар | S5: 2027 он 1-р сар | T5: 2027 он 2-р сар | U5: 2027 он 3-р сар | V5: 2027 он 4-р сар | W5: 2027 он 5-р сар | X5: 2027 он 6-р сар | Y5: 2027 он 12-р сар | Z5: 2027 он 8-р сар | AA5: 2027 он 9-р сар | AB5: 2027 он 10-р сар | AC5: 2027 он 11-р сар | AD5: 2027 он 12-р сар | AE5: 2028 оны 1-р сар | AF5: 2028 оны 2-р сар | AG5: 2028 оны 3-р сар | AH5: 2028 оны 4-р сар | AI5: 2028 оны 5-р сар | AJ5: 2028 оны 6-р сар | AK5: 2028 оны 7-р сар | AL5: 2028 оны 8-р сар | AM5: 2028 оны 9-р сар | AN5: 2028 оны 10-р сар | AO5: 2028 оны 11-р сар | AP5: 2028 оны 12-р сар
B6: ТӨСЛИЙН НИЙТ ГҮЙЦЭТГЭЛ | E6: =E7+E9+E528 -> 2.4958419e+12 | G6: =+G7+G9+G83+G268+G342+G528+G904+G909 -> 1 | N6: =+$G7*N7+$G9*N9+$G83*N83+$G268*N268+$G342*N342+$G528*N528+$G904*N904+$G909*N909 -> 0.26425966 | O6: =+$G7*O7+$G9*O9+$G83*O83+$G268*O268+$G342*O342+$G528*O528+$G904*O904+$G909*O909 -> 0.36780664 | P6: =+$G7*P7+$G9*P9+$G83*P83+$G268*P268+$G342*P342+$G528*P528+$G904*P904+$G909*P909 -> 0.42935312 | Q6: =+$G7*Q7+$G9*Q9+$G83*Q83+$G268*Q268+$G342*Q342+$G528*Q528+$G904*Q904+$G909*Q909 -> 0.47631611 | R6: =+$G7*R7+$G9*R9+$G83*R83+$G268*R268+$G342*R342+$G528*R528+$G904*R904+$G909*R909 -> 0.51925877 | S6: =+$G7*S7+$G9*S9+$G83*S83+$G268*S268+$G342*S342+$G528*S528+$G904*S904+$G909*S909 -> 0.56015026 | T6: =+$G7*T7+$G9*T9+$G83*T83+$G268*T268+$G342*T342+$G528*T528+$G904*T904+$G909*T909 -> 0.5784518 | U6: =+$G7*U7+$G9*U9+$G83*U83+$G268*U268+$G342*U342+$G528*U528+$G904*U904+$G909*U909 -> 0.60422566 | ... AP6: =+$G7*AP7+$G9*AP9+$G83*AP83+$G268*AP268+$G342*AP342+$G528*AP528+$G904*AP904+$G909*AP909 -> 0.89909606
B7: 1 | D7: ТЭЗҮ | E7: =E8 -> 3553800000 | G7: 0.05 | H7: 45390 | I7: 45555 | N7: =+($F8*N8) -> 1 | O7: =+($F8*O8) -> 1 | P7: =+($F8*P8) -> 1 | Q7: =+($F8*Q8) -> 1 | R7: =+($F8*R8) -> 1 | S7: =+($F8*S8) -> 1 | T7: =+($F8*T8) -> 1 | U7: =+($F8*U8) -> 1 | ... AP7: =+($F8*AP8) -> 1
B8: 1.1 | C8: БАГЦ 1-6 БАГЦ 8-17 | D8: "Сэлбэ дэд төв" орчмын гэр хорооллыг дахин төлөвлөн орон сууцжуулах төслийн ТЭЗҮ, барилгажилтын төсөл, олон улсын зөвлөх үйлчилгээ, зураг төслийг боловсруулах ажил | E8: 3553800000 | F8: 1 | G8: =+F8*G7 -> 0.05 | N8: 1 | O8: 1 | P8: 1 | Q8: 1 | R8: 1 | S8: 1 | T8: 1 | U8: 1 | V8: 1 | W8: 1 | X8: 1 | Y8: 1 | Z8: 1 | AA8: 1 | AB8: 1 | AC8: 1 | AD8: 1 | AE8: 1 | AF8: 1 | AG8: 1 | AH8: 1 | AI8: 1 | AJ8: 1 | AK8: 1 | AL8: 1 | AM8: 1 | AN8: 1 | AO8: 1 | AP8: 1
B9: 2 | D9: Ажлын зураг төсөл | E9: =E10+E61+E62 -> 8220164289 | G9: 0.1 | H9: 45390 | I9: 45884 | N9: =($F10*N10+$F61*N61+$F62*N62+$F70*N70) -> 0.92023451 | O9: =($F10*O10+$F61*O61+$F62*O62+$F70*O70) -> 0.92023451 | P9: =($F10*P10+$F61*P61+$F62*P62+$F70*P70) -> 0.92023451 | Q9: =($F10*Q10+$F61*Q61+$F62*Q62+$F70*Q70) -> 0.92023451 | R9: =($F10*R10+$F61*R61+$F62*R62+$F70*R70) -> 0.92023451 | S9: =($F10*S10+$F61*S61+$F62*S62+$F70*S70) -> 0.92023451 | T9: =($F10*T10+$F61*T61+$F62*T62+$F70*T70) -> 0.92023451 | U9: =($F10*U10+$F61*U61+$F62*U62+$F70*U70) -> 0.92023451 | ... AP9: =($F10*AP10+$F61*AP61+$F62*AP62+$F70*AP70) -> 0.92023451
B10: 2.1 | C10: БАГЦ 1-6 БАГЦ 10-17 | D10: "Сэлбэ дэд төв" орчмын гэр хорооллыг дахин төлөвлөн орон сууцжуулах төслийн ТЭЗҮ, барилгажилтын төсөл, олон улсын зөвлөх үйлчилгээ, зураг төслийг боловсруулах ажил (Барилгажилты төсөл Хувилбар 2) нэмэлт ажил | E10: 533070000 | F10: 0.666 | G10: =+F10*G9 -> 0.0666 | N10: =$F11*N11+$F19*N19+$F35*N35 -> 0.97452448 | O10: =$F11*O11+$F19*O19+$F35*O35 -> 0.97452448 | P10: =$F11*P11+$F19*P19+$F35*P35 -> 0.97452448 | Q10: =$F11*Q11+$F19*Q19+$F35*Q35 -> 0.97452448 | R10: =$F11*R11+$F19*R19+$F35*R35 -> 0.97452448 | S10: =$F11*S11+$F19*S19+$F35*S35 -> 0.97452448 | T10: =$F11*T11+$F19*T19+$F35*T35 -> 0.97452448 | U10: =$F11*U11+$F19*U19+$F35*U35 -> 0.97452448 | ... AP10: =$F11*AP11+$F19*AP19+$F35*AP35 -> 0.97452448
B11: 2.1.1 | C11: Багц- 1-4 | D11: Орон сууцны хороолол барилга угсралт | F11: =F719 -> 0.78107172 | G11: =+F11*G9 -> 0.078107172 | N11: =+$F12*N12+$F13*N13+$F14*N14+$F15*N15+$F16*N16+$F17*N17+$F18*N18 -> 1 | O11: =+$F12*O12+$F13*O13+$F14*O14+$F15*O15+$F16*O16+$F17*O17+$F18*O18 -> 1 | P11: =+$F12*P12+$F13*P13+$F14*P14+$F15*P15+$F16*P16+$F17*P17+$F18*P18 -> 1 | Q11: =+$F12*Q12+$F13*Q13+$F14*Q14+$F15*Q15+$F16*Q16+$F17*Q17+$F18*Q18 -> 1 | R11: =+$F12*R12+$F13*R13+$F14*R14+$F15*R15+$F16*R16+$F17*R17+$F18*R18 -> 1 | S11: =+$F12*S12+$F13*S13+$F14*S14+$F15*S15+$F16*S16+$F17*S17+$F18*S18 -> 1 | T11: =+$F12*T12+$F13*T13+$F14*T14+$F15*T15+$F16*T16+$F17*T17+$F18*T18 -> 1 | U11: =+$F12*U12+$F13*U13+$F14*U14+$F15*U15+$F16*U16+$F17*U17+$F18*U18 -> 1 | ... AP11: =+$F12*AP12+$F13*AP13+$F14*AP14+$F15*AP15+$F16*AP16+$F17*AP17+$F18*AP18 -> 1
B12: 2.1.1 | C12: Багц-1 | D12: Орон сууцны хороолол барилга угсралт | F12: 0.20095297 | G12: =+F12*G11 -> 0.015695868 | N12: 1 | O12: 1 | P12: 1 | Q12: 1 | R12: 1 | S12: 1 | T12: 1 | U12: 1 | V12: 1 | W12: 1 | X12: 1 | Y12: 1 | Z12: 1 | AA12: 1 | AB12: 1 | AC12: 1 | AD12: 1 | AE12: 1 | AF12: 1 | AG12: 1 | AH12: 1 | AI12: 1 | AJ12: 1 | AK12: 1 | AL12: 1 | AM12: 1 | AN12: 1 | AO12: 1 | AP12: 1
B13: 2.1.2 | C13: Багц-2 | D13: Орон сууцны хороолол барилга угсралт | F13: 0.24153553 | G13: =+F13*G11 -> 0.018865657 | N13: 1 | O13: 1 | P13: 1 | Q13: 1 | R13: 1 | S13: 1 | T13: 1 | U13: 1 | V13: 1 | W13: 1 | X13: 1 | Y13: 1 | Z13: 1 | AA13: 1 | AB13: 1 | AC13: 1 | AD13: 1 | AE13: 1 | AF13: 1 | AG13: 1 | AH13: 1 | AI13: 1 | AJ13: 1 | AK13: 1 | AL13: 1 | AM13: 1 | AN13: 1 | AO13: 1 | AP13: 1
B14: 2.1.3 | C14: Багц-3.1 | D14: Орон сууцны хороолол барилга угсралт | F14: 0.094678015 | G14: =+F14*G11 -> 0.007395032 | N14: 1 | O14: 1 | P14: 1 | Q14: 1 | R14: 1 | S14: 1 | T14: 1 | U14: 1 | V14: 1 | W14: 1 | X14: 1 | Y14: 1 | Z14: 1 | AA14: 1 | AB14: 1 | AC14: 1 | AD14: 1 | AE14: 1 | AF14: 1 | AG14: 1 | AH14: 1 | AI14: 1 | AJ14: 1 | AK14: 1 | AL14: 1 | AM14: 1 | AN14: 1 | AO14: 1 | AP14: 1
B15: 2.1.4 | C15: Багц-3.2 | D15: Орон сууцны хороолол барилга угсралт | F15: 0.10115553 | G15: =+F15*G11 -> 0.0079009722 | N15: 1 | O15: 1 | P15: 1 | Q15: 1 | R15: 1 | S15: 1 | T15: 1 | U15: 1 | V15: 1 | W15: 1 | X15: 1 | Y15: 1 | Z15: 1 | AA15: 1 | AB15: 1 | AC15: 1 | AD15: 1 | AE15: 1 | AF15: 1 | AG15: 1 | AH15: 1 | AI15: 1 | AJ15: 1 | AK15: 1 | AL15: 1 | AM15: 1 | AN15: 1 | AO15: 1 | AP15: 1
B16: 2.1.5 | C16: Багц-3.3 | D16: Орон сууцны хороолол барилга угсралт | F16: 0.11541079 | G16: =+F16*G11 -> 0.0090144107 | N16: 1 | O16: 1 | P16: 1 | Q16: 1 | R16: 1 | S16: 1 | T16: 1 | U16: 1 | V16: 1 | W16: 1 | X16: 1 | Y16: 1 | Z16: 1 | AA16: 1 | AB16: 1 | AC16: 1 | AD16: 1 | AE16: 1 | AF16: 1 | AG16: 1 | AH16: 1 | AI16: 1 | AJ16: 1 | AK16: 1 | AL16: 1 | AM16: 1 | AN16: 1 | AO16: 1 | AP16: 1
B17: 2.1.6 | C17: Багц-4.1 | D17: Орон сууцны хороолол барилга угсралт | F17: 0.13984312 | G17: =+F17*G11 -> 0.010922751 | N17: 1 | O17: 1 | P17: 1 | Q17: 1 | R17: 1 | S17: 1 | T17: 1 | U17: 1 | V17: 1 | W17: 1 | X17: 1 | Y17: 1 | Z17: 1 | AA17: 1 | AB17: 1 | AC17: 1 | AD17: 1 | AE17: 1 | AF17: 1 | AG17: 1 | AH17: 1 | AI17: 1 | AJ17: 1 | AK17: 1 | AL17: 1 | AM17: 1 | AN17: 1 | AO17: 1 | AP17: 1
B18: 2.1.7 | C18: Багц-4.2 | D18: Орон сууцны хороолол барилга угсралт | F18: 0.10642405 | G18: =+F18*G11 -> 0.0083124812 | N18: 1 | O18: 1 | P18: 1 | Q18: 1 | R18: 1 | S18: 1 | T18: 1 | U18: 1 | V18: 1 | W18: 1 | X18: 1 | Y18: 1 | Z18: 1 | AA18: 1 | AB18: 1 | AC18: 1 | AD18: 1 | AE18: 1 | AF18: 1 | AG18: 1 | AH18: 1 | AI18: 1 | AJ18: 1 | AK18: 1 | AL18: 1 | AM18: 1 | AN18: 1 | AO18: 1 | AP18: 1
B19: 2.1.2 | C19: Багц-16, 17 | D19: ГАДНА ТОХИЖИЛТ, ӨНДӨРЖИЛТ | F19: =F842 -> 0.039032542 | G19: =+F19*G9 -> 0.0039032542 | N19: =+SUMPRODUCT($F20:$F34,N20:N34) -> 0.90709062 | O19: =+SUMPRODUCT($F20:$F34,O20:O34) -> 0.90709062 | P19: =+SUMPRODUCT($F20:$F34,P20:P34) -> 0.90709062 | Q19: =+SUMPRODUCT($F20:$F34,Q20:Q34) -> 0.90709062 | R19: =+SUMPRODUCT($F20:$F34,R20:R34) -> 0.90709062 | S19: =+SUMPRODUCT($F20:$F34,S20:S34) -> 0.90709062 | T19: =+SUMPRODUCT($F20:$F34,T20:T34) -> 0.90709062 | U19: =+SUMPRODUCT($F20:$F34,U20:U34) -> 0.90709062 | ... AP19: =+SUMPRODUCT($F20:$F34,AP20:AP34) -> 0.90709062
B20: 2.2.1 | C20: БАГЦ-16.1 | D20: Өндөржилтийн ажил БАГЦ 1 | F20: =F843 -> 0.092877611 | G20: =+F20*G19 -> 0.00036252493 | N20: 1 | O20: 1 | P20: 1 | Q20: 1 | R20: 1 | S20: 1 | T20: 1 | U20: 1 | V20: 1 | W20: 1 | X20: 1 | Y20: 1 | Z20: 1 | AA20: 1 | AB20: 1 | AC20: 1 | AD20: 1 | AE20: 1 | AF20: 1 | AG20: 1 | AH20: 1 | AI20: 1 | AJ20: 1 | AK20: 1 | AL20: 1 | AM20: 1 | AN20: 1 | AO20: 1 | AP20: 1
B21: 2.2.2 | C21: БАГЦ-16.2 | D21: Өндөржилтийн ажил БАГЦ 2 | F21: =F844 -> 0.058105219 | G21: =+F21*G19 -> 0.00022679944 | N21: 1 | O21: 1 | P21: 1 | Q21: 1 | R21: 1 | S21: 1 | T21: 1 | U21: 1 | V21: 1 | W21: 1 | X21: 1 | Y21: 1 | Z21: 1 | AA21: 1 | AB21: 1 | AC21: 1 | AD21: 1 | AE21: 1 | AF21: 1 | AG21: 1 | AH21: 1 | AI21: 1 | AJ21: 1 | AK21: 1 | AL21: 1 | AM21: 1 | AN21: 1 | AO21: 1 | AP21: 1
B22: 2.2.3 | C22: БАГЦ-16.3 | D22: Өндөржилтийн ажил БАГЦ 3.1 | F22: =F845 -> 0.027796911 | G22: =+F22*G19 -> 0.00010849841 | N22: 1 | O22: 1 | P22: 1 | Q22: 1 | R22: 1 | S22: 1 | T22: 1 | U22: 1 | V22: 1 | W22: 1 | X22: 1 | Y22: 1 | Z22: 1 | AA22: 1 | AB22: 1 | AC22: 1 | AD22: 1 | AE22: 1 | AF22: 1 | AG22: 1 | AH22: 1 | AI22: 1 | AJ22: 1 | AK22: 1 | AL22: 1 | AM22: 1 | AN22: 1 | AO22: 1 | AP22: 1
B23: 2.2.4 | C23: БАГЦ-16.4 | D23: Өндөржилтийн ажил БАГЦ 3.2 | F23: =F846 -> 0.0291553 | G23: =+F23*G19 -> 0.00011380055 | N23: 1 | O23: 1 | P23: 1 | Q23: 1 | R23: 1 | S23: 1 | T23: 1 | U23: 1 | V23: 1 | W23: 1 | X23: 1 | Y23: 1 | Z23: 1 | AA23: 1 | AB23: 1 | AC23: 1 | AD23: 1 | AE23: 1 | AF23: 1 | AG23: 1 | AH23: 1 | AI23: 1 | AJ23: 1 | AK23: 1 | AL23: 1 | AM23: 1 | AN23: 1 | AO23: 1 | AP23: 1
B24: 2.2.5 | C24: БАГЦ-16.5 | D24: Өндөржилтийн ажил БАГЦ 3.3 | F24: =F847 -> 0.040182802 | G24: =+F24*G19 -> 0.00015684369 | N24: 1 | O24: 1 | P24: 1 | Q24: 1 | R24: 1 | S24: 1 | T24: 1 | U24: 1 | V24: 1 | W24: 1 | X24: 1 | Y24: 1 | Z24: 1 | AA24: 1 | AB24: 1 | AC24: 1 | AD24: 1 | AE24: 1 | AF24: 1 | AG24: 1 | AH24: 1 | AI24: 1 | AJ24: 1 | AK24: 1 | AL24: 1 | AM24: 1 | AN24: 1 | AO24: 1 | AP24: 1
B25: 2.2.6 | C25: БАГЦ-16.6 | D25: Өндөржилтийн ажил БАГЦ 4.1 | F25: =F848 -> 0.098615014 | G25: =+F25*G19 -> 0.00038491947 | N25: 1 | O25: 1 | P25: 1 | Q25: 1 | R25: 1 | S25: 1 | T25: 1 | U25: 1 | V25: 1 | W25: 1 | X25: 1 | Y25: 1 | Z25: 1 | AA25: 1 | AB25: 1 | AC25: 1 | AD25: 1 | AE25: 1 | AF25: 1 | AG25: 1 | AH25: 1 | AI25: 1 | AJ25: 1 | AK25: 1 | AL25: 1 | AM25: 1 | AN25: 1 | AO25: 1 | AP25: 1
B26: 2.2.7 | C26: БАГЦ-16.7 | D26: Өндөржилтийн ажил БАГЦ 4.2 | F26: =F849 -> 0.091649809 | G26: =+F26*G19 -> 0.00035773251 | N26: 1 | O26: 1 | P26: 1 | Q26: 1 | R26: 1 | S26: 1 | T26: 1 | U26: 1 | V26: 1 | W26: 1 | X26: 1 | Y26: 1 | Z26: 1 | AA26: 1 | AB26: 1 | AC26: 1 | AD26: 1 | AE26: 1 | AF26: 1 | AG26: 1 | AH26: 1 | AI26: 1 | AJ26: 1 | AK26: 1 | AL26: 1 | AM26: 1 | AN26: 1 | AO26: 1 | AP26: 1
B27: 2.2.8 | C27: БАГЦ-16.8 | D27: Өндөржилтийн ажил Олон нийтийн бүсийн ГИШС | F27: =F850 -> 0.092909381 | G27: =+F27*G19 -> 0.00036264893 | N27: 0 | O27: 0 | P27: 0 | Q27: 0 | R27: 0 | S27: 0 | T27: 0 | U27: 0 | V27: 0 | W27: 0 | X27: 0 | Y27: 0 | Z27: 0 | AA27: 0 | AB27: 0 | AC27: 0 | AD27: 0 | AE27: 0 | AF27: 0
B28: 2.2.9 | C28: БАГЦ-17.1 | D28: Гадна тохижилтийн ажил БАГЦ 1 | F28: =F851 -> 0.080887029 | G28: =+F28*G19 -> 0.00031572264 | N28: 1 | O28: 1 | P28: 1 | Q28: 1 | R28: 1 | S28: 1 | T28: 1 | U28: 1 | V28: 1 | W28: 1 | X28: 1 | Y28: 1 | Z28: 1 | AA28: 1 | AB28: 1 | AC28: 1 | AD28: 1 | AE28: 1 | AF28: 1 | AG28: 1 | AH28: 1 | AI28: 1 | AJ28: 1 | AK28: 1 | AL28: 1 | AM28: 1 | AN28: 1 | AO28: 1 | AP28: 1
B29: 2.2.10 | C29: БАГЦ-17.2 | D29: Гадна тохижилтийн ажил БАГЦ 2 | F29: =F852 -> 0.11788368 | G29: =+F29*G19 -> 0.00046012997 | N29: 1 | O29: 1 | P29: 1 | Q29: 1 | R29: 1 | S29: 1 | T29: 1 | U29: 1 | V29: 1 | W29: 1 | X29: 1 | Y29: 1 | Z29: 1 | AA29: 1 | AB29: 1 | AC29: 1 | AD29: 1 | AE29: 1 | AF29: 1 | AG29: 1 | AH29: 1 | AI29: 1 | AJ29: 1 | AK29: 1 | AL29: 1 | AM29: 1 | AN29: 1 | AO29: 1 | AP29: 1
B30: 2.2.11 | C30: БАГЦ-17.3 | D30: Гадна тохижилтийн ажил БАГЦ 3.1 | F30: =F853 -> 0.041046639 | G30: =+F30*G19 -> 0.00016021547 | N30: 1 | O30: 1 | P30: 1 | Q30: 1 | R30: 1 | S30: 1 | T30: 1 | U30: 1 | V30: 1 | W30: 1 | X30: 1 | Y30: 1 | Z30: 1 | AA30: 1 | AB30: 1 | AC30: 1 | AD30: 1 | AE30: 1 | AF30: 1 | AG30: 1 | AH30: 1 | AI30: 1 | AJ30: 1 | AK30: 1 | AL30: 1 | AM30: 1 | AN30: 1 | AO30: 1 | AP30: 1
B31: 2.2.12 | C31: БАГЦ-17.4 | D31: Гадна тохижилтийн ажил БАГЦ 3.2 | F31: =F854 -> 0.053741978 | G31: =+F31*G19 -> 0.0002097686 | N31: 1 | O31: 1 | P31: 1 | Q31: 1 | R31: 1 | S31: 1 | T31: 1 | U31: 1 | V31: 1 | W31: 1 | X31: 1 | Y31: 1 | Z31: 1 | AA31: 1 | AB31: 1 | AC31: 1 | AD31: 1 | AE31: 1 | AF31: 1 | AG31: 1 | AH31: 1 | AI31: 1 | AJ31: 1 | AK31: 1 | AL31: 1 | AM31: 1 | AN31: 1 | AO31: 1 | AP31: 1
B32: 2.2.13 | C32: БАГЦ-17.5 | D32: Гадна тохижилтийн ажил БАГЦ 3.3 | F32: =F855 -> 0.058057395 | G32: =+F32*G19 -> 0.00022661277 | N32: 1 | O32: 1 | P32: 1 | Q32: 1 | R32: 1 | S32: 1 | T32: 1 | U32: 1 | V32: 1 | W32: 1 | X32: 1 | Y32: 1 | Z32: 1 | AA32: 1 | AB32: 1 | AC32: 1 | AD32: 1 | AE32: 1 | AF32: 1 | AG32: 1 | AH32: 1 | AI32: 1 | AJ32: 1 | AK32: 1 | AL32: 1 | AM32: 1 | AN32: 1 | AO32: 1 | AP32: 1
B33: 2.2.14 | C33: БАГЦ-17.6 | D33: Гадна тохижилтийн ажил БАГЦ 4.1 | F33: =F856 -> 0.061612727 | G33: =+F33*G19 -> 0.00024049014 | N33: 1 | O33: 1 | P33: 1 | Q33: 1 | R33: 1 | S33: 1 | T33: 1 | U33: 1 | V33: 1 | W33: 1 | X33: 1 | Y33: 1 | Z33: 1 | AA33: 1 | AB33: 1 | AC33: 1 | AD33: 1 | AE33: 1 | AF33: 1 | AG33: 1 | AH33: 1 | AI33: 1 | AJ33: 1 | AK33: 1 | AL33: 1 | AM33: 1 | AN33: 1 | AO33: 1 | AP33: 1
B34: 2.2.15 | C34: БАГЦ-17.7 | D34: Гадна тохижилтийн ажил БАГЦ 4.2 | F34: =F857 -> 0.055478507 | G34: =+F34*G19 -> 0.00021654672 | N34: 1 | O34: 1 | P34: 1 | Q34: 1 | R34: 1 | S34: 1 | T34: 1 | U34: 1 | V34: 1 | W34: 1 | X34: 1 | Y34: 1 | Z34: 1 | AA34: 1 | AB34: 1 | AC34: 1 | AD34: 1 | AE34: 1 | AF34: 1 | AG34: 1 | AH34: 1 | AI34: 1 | AJ34: 1 | AK34: 1 | AL34: 1 | AM34: 1 | AN34: 1 | AO34: 1 | AP34: 1
B35: 2.1.3 | C35: Багц- 5,6 9-15 | D35: ИНЖЕНЕРИЙН ДЭД БҮТЭЦ | F35: =F858 -> 0.17989574 | G35: =+F35*G9 -> 0.017989574 | N35: =+$F36*N36+$F48*N48+$F56*N56 -> 0.87854613 | O35: =+$F36*O36+$F48*O48+$F56*O56 -> 0.87854613 | P35: =+$F36*P36+$F48*P48+$F56*P56 -> 0.87854613 | Q35: =+$F36*Q36+$F48*Q48+$F56*Q56 -> 0.87854613 | R35: =+$F36*R36+$F48*R48+$F56*R56 -> 0.87854613 | S35: =+$F36*S36+$F48*S48+$F56*S56 -> 0.87854613 | T35: =+$F36*T36+$F48*T48+$F56*T56 -> 0.87854613 | U35: =+$F36*U36+$F48*U48+$F56*U56 -> 0.87854613 | ... AP35: =+$F36*AP36+$F48*AP48+$F56*AP56 -> 0.87854613
B36: 2.3.1 | C36: Багц 6 | D36: Гадна цахилгаан, холбоо дохиолол | F36: 0.5685609 | G36: =+F36*G35 -> 0.010228168 | N36: =+SUMPRODUCT($F37:$F47,N37:N47) -> 0.86016081 | O36: =+SUMPRODUCT($F37:$F47,O37:O47) -> 0.86016081 | P36: =+SUMPRODUCT($F37:$F47,P37:P47) -> 0.86016081 | Q36: =+SUMPRODUCT($F37:$F47,Q37:Q47) -> 0.86016081 | R36: =+SUMPRODUCT($F37:$F47,R37:R47) -> 0.86016081 | S36: =+SUMPRODUCT($F37:$F47,S37:S47) -> 0.86016081 | T36: =+SUMPRODUCT($F37:$F47,T37:T47) -> 0.86016081 | U36: =+SUMPRODUCT($F37:$F47,U37:U47) -> 0.86016081 | ... AP36: =+SUMPRODUCT($F37:$F47,AP37:AP47) -> 0.86016081
B37: 2.3.1.1 | C37: Багц-6.1 | D37: Багц 1 Гадна цахилгаан, холбоо дохиолол | F37: 0.050651268 | G37: =+F37*G36 -> 0.0005180697 | N37: 1 | O37: 1 | P37: 1 | Q37: 1 | R37: 1 | S37: 1 | T37: 1 | U37: 1 | V37: 1 | W37: 1 | X37: 1 | Y37: 1 | Z37: 1 | AA37: 1 | AB37: 1 | AC37: 1 | AD37: 1 | AE37: 1 | AF37: 1 | AG37: 1 | AH37: 1 | AI37: 1 | AJ37: 1 | AK37: 1 | AL37: 1 | AM37: 1 | AN37: 1 | AO37: 1 | AP37: 1
B38: 2.3.1.2 | C38: Багц-6.2 | D38: Багц 2 Гадна цахилгаан, холбоо дохиолол | F38: 0.082125454 | G38: =+F38*G36 -> 0.00083999298 | N38: 1 | O38: 1 | P38: 1 | Q38: 1 | R38: 1 | S38: 1 | T38: 1 | U38: 1 | V38: 1 | W38: 1 | X38: 1 | Y38: 1 | Z38: 1 | AA38: 1 | AB38: 1 | AC38: 1 | AD38: 1 | AE38: 1 | AF38: 1 | AG38: 1 | AH38: 1 | AI38: 1 | AJ38: 1 | AK38: 1 | AL38: 1 | AM38: 1 | AN38: 1 | AO38: 1 | AP38: 1
B39: 2.3.1.3 | C39: Багц-6.3 | D39: Багц 3 Гадна цахилгаан, холбоо дохиолол | F39: 0.066964931 | G39: =+F39*G36 -> 0.0006849286 | N39: 1 | O39: 1 | P39: 1 | Q39: 1 | R39: 1 | S39: 1 | T39: 1 | U39: 1 | V39: 1 | W39: 1 | X39: 1 | Y39: 1 | Z39: 1 | AA39: 1 | AB39: 1 | AC39: 1 | AD39: 1 | AE39: 1 | AF39: 1 | AG39: 1 | AH39: 1 | AI39: 1 | AJ39: 1 | AK39: 1 | AL39: 1 | AM39: 1 | AN39: 1 | AO39: 1 | AP39: 1
B40: 2.3.1.4 | C40: Багц-6.4 | D40: Багц 4 Гадна цахилгаан, холбоо дохиолол | F40: 0.082833365 | G40: =+F40*G36 -> 0.00084723361 | N40: 1 | O40: 1 | P40: 1 | Q40: 1 | R40: 1 | S40: 1 | T40: 1 | U40: 1 | V40: 1 | W40: 1 | X40: 1 | Y40: 1 | Z40: 1 | AA40: 1 | AB40: 1 | AC40: 1 | AD40: 1 | AE40: 1 | AF40: 1 | AG40: 1 | AH40: 1 | AI40: 1 | AJ40: 1 | AK40: 1 | AL40: 1 | AM40: 1 | AN40: 1 | AO40: 1 | AP40: 1
B41: 2.3.1.5 | C41: Багц-6.5 | D41: "Сэлбэ дэд төв"-ийн барилгажилтын төслийн ХТП, РП-ний тоноглол, барилга угсралтын ажил (A хэсэг) | F41: 0.18485404 | G41: =+F41*G36 -> 0.0018907182 | N41: 1 | O41: 1 | P41: 1 | Q41: 1 | R41: 1 | S41: 1 | T41: 1 | U41: 1 | V41: 1 | W41: 1 | X41: 1 | Y41: 1 | Z41: 1 | AA41: 1 | AB41: 1 | AC41: 1 | AD41: 1 | AE41: 1 | AF41: 1 | AG41: 1 | AH41: 1 | AI41: 1 | AJ41: 1 | AK41: 1 | AL41: 1 | AM41: 1 | AN41: 1 | AO41: 1 | AP41: 1
B42: 2.3.1.6 | C42: Багц-6.6 | D42: "Сэлбэ дэд төв"-ийн барилгажилтын төслийн ХТП, РП-ний тоноглол, барилга угсралтын ажил (B хэсэг) | F42: 0.10096602 | G42: =+F42*G36 -> 0.0010326975 | N42: 1 | O42: 1 | P42: 1 | Q42: 1 | R42: 1 | S42: 1 | T42: 1 | U42: 1 | V42: 1 | W42: 1 | X42: 1 | Y42: 1 | Z42: 1 | AA42: 1 | AB42: 1 | AC42: 1 | AD42: 1 | AE42: 1 | AF42: 1 | AG42: 1 | AH42: 1 | AI42: 1 | AJ42: 1 | AK42: 1 | AL42: 1 | AM42: 1 | AN42: 1 | AO42: 1 | AP42: 1
B43: 2.3.1.7 | C43: Багц-6.7 | D43: "Сэлбэ дэд төв"-ийн барилгажилтын төслийн ХТП, РП-ний тоноглол, барилга угсралтын ажил (C хэсэг) | F43: 0.10262124 | G43: =+F43*G36 -> 0.0010496273 | N43: 1 | O43: 1 | P43: 1 | Q43: 1 | R43: 1 | S43: 1 | T43: 1 | U43: 1 | V43: 1 | W43: 1 | X43: 1 | Y43: 1 | Z43: 1 | AA43: 1 | AB43: 1 | AC43: 1 | AD43: 1 | AE43: 1 | AF43: 1 | AG43: 1 | AH43: 1 | AI43: 1 | AJ43: 1 | AK43: 1 | AL43: 1 | AM43: 1 | AN43: 1 | AO43: 1 | AP43: 1
B44: 2.3.1.8 | C44: Багц-6.8 | D44: "Сэлбэ дэд төв"-ийн барилгажилтын төслийн ХТП, РП-ний тоноглол, барилга угсралтын ажил (D хэсэг) | F44: 0.16486816 | G44: =+F44*G36 -> 0.0016862993 | N44: 1 | O44: 1 | P44: 1 | Q44: 1 | R44: 1 | S44: 1 | T44: 1 | U44: 1 | V44: 1 | W44: 1 | X44: 1 | Y44: 1 | Z44: 1 | AA44: 1 | AB44: 1 | AC44: 1 | AD44: 1 | AE44: 1 | AF44: 1 | AG44: 1 | AH44: 1 | AI44: 1 | AJ44: 1 | AK44: 1 | AL44: 1 | AM44: 1 | AN44: 1 | AO44: 1 | AP44: 1
B45: 2.3.1.9 | C45: БАГЦ-6.1, 6.2 | D45: Төгөл дэд станц өргөтгөх 6.1, 6.2 зам сүвлэх ажил | F45: 0.0045095887 | G45: =+F45*G36 -> 4.6124833e-05 | N45: 1 | O45: 1 | P45: 1 | Q45: 1 | R45: 1 | S45: 1 | T45: 1 | U45: 1 | V45: 1 | W45: 1 | X45: 1 | Y45: 1 | Z45: 1 | AA45: 1 | AB45: 1 | AC45: 1 | AD45: 1 | AE45: 1 | AF45: 1 | AG45: 1 | AH45: 1 | AI45: 1 | AJ45: 1 | AK45: 1 | AL45: 1 | AM45: 1 | AN45: 1 | AO45: 1 | AP45: 1
B46: 2.3.1.10 | C46: БАГЦ-6.9 | D46: Нэгдсэн хяналтын систем -Удирдлагын төв | F46: 0.13983919 | G46: =+F46*G36 -> 0.0014302988 | N46: 0 | O46: 0 | P46: 0 | Q46: 0 | R46: 0 | S46: 0 | T46: 0 | U46: 0 | V46: 0 | W46: 0 | X46: 0 | Y46: 0 | Z46: 0 | AA46: 0 | AB46: 0 | AC46: 0 | AD46: 0 | AE46: 0 | AF46: 0
B47: 2.3.1.11 | C47: БАГЦ-6.10 | D47: Цахилгаан дамжуулах агаарын шугам шилжүүлэх, 10 кВ-ын ЦДАШ-ын трасс шилжүүлэх ажил | F47: 0.019766747 | G47: =+F47*G36 -> 0.00020217762 | N47: 1 | O47: 1 | P47: 1 | Q47: 1 | R47: 1 | S47: 1 | T47: 1 | U47: 1 | V47: 1 | W47: 1 | X47: 1 | Y47: 1 | Z47: 1 | AA47: 1 | AB47: 1 | AC47: 1 | AD47: 1 | AE47: 1 | AF47: 1 | AG47: 1 | AH47: 1 | AI47: 1 | AJ47: 1 | AK47: 1 | AL47: 1 | AM47: 1 | AN47: 1 | AO47: 1 | AP47: 1
B48: 2.3.2 | C48: Багц 5, 9,11,14 | D48: Гадна дулаан, ус хангамж, ариутгах татуурга | F48: 0.36394064 | G48: =+F48*G35 -> 0.0065471371 | N48: =+SUMPRODUCT($F49:$F55,N49:N55) -> 0.89076914 | O48: =+SUMPRODUCT($F49:$F55,O49:O55) -> 0.89076914 | P48: =+SUMPRODUCT($F49:$F55,P49:P55) -> 0.89076914 | Q48: =+SUMPRODUCT($F49:$F55,Q49:Q55) -> 0.89076914 | R48: =+SUMPRODUCT($F49:$F55,R49:R55) -> 0.89076914 | S48: =+SUMPRODUCT($F49:$F55,S49:S55) -> 0.89076914 | T48: =+SUMPRODUCT($F49:$F55,T49:T55) -> 0.89076914 | U48: =+SUMPRODUCT($F49:$F55,U49:U55) -> 0.89076914 | ... AP48: =+SUMPRODUCT($F49:$F55,AP49:AP55) -> 0.89076914
B49: 2.3.2.1 | C49: Багц-5.1 | D49: Багц 1 Гадна дулаан, ус хангамж, ариутгах татуурга | F49: 0.071676986 | G49: =+F49*G48 -> 0.00046927905 | N49: 1 | O49: 1 | P49: 1 | Q49: 1 | R49: 1 | S49: 1 | T49: 1 | U49: 1 | V49: 1 | W49: 1 | X49: 1 | Y49: 1 | Z49: 1 | AA49: 1 | AB49: 1 | AC49: 1 | AD49: 1 | AE49: 1 | AF49: 1 | AG49: 1 | AH49: 1 | AI49: 1 | AJ49: 1 | AK49: 1 | AL49: 1 | AM49: 1 | AN49: 1 | AO49: 1 | AP49: 1
B50: 2.3.2.2 | C50: Багц-5.2 | D50: Багц 2 Гадна дулаан, ус хангамж, ариутгах татуурга | F50: 0.15362856 | G50: =+F50*G48 -> 0.0010058272 | N50: 1 | O50: 1 | P50: 1 | Q50: 1 | R50: 1 | S50: 1 | T50: 1 | U50: 1 | V50: 1 | W50: 1 | X50: 1 | Y50: 1 | Z50: 1 | AA50: 1 | AB50: 1 | AC50: 1 | AD50: 1 | AE50: 1 | AF50: 1 | AG50: 1 | AH50: 1 | AI50: 1 | AJ50: 1 | AK50: 1 | AL50: 1 | AM50: 1 | AN50: 1 | AO50: 1 | AP50: 1
B51: 2.3.2.3 | C51: Багц-5.3 | D51: Багц 3 Гадна дулаан, ус хангамж, ариутгах татуурга | F51: 0.20080922 | G51: =+F51*G48 -> 0.0013147255 | N51: 1 | O51: 1 | P51: 1 | Q51: 1 | R51: 1 | S51: 1 | T51: 1 | U51: 1 | V51: 1 | W51: 1 | X51: 1 | Y51: 1 | Z51: 1 | AA51: 1 | AB51: 1 | AC51: 1 | AD51: 1 | AE51: 1 | AF51: 1 | AG51: 1 | AH51: 1 | AI51: 1 | AJ51: 1 | AK51: 1 | AL51: 1 | AM51: 1 | AN51: 1 | AO51: 1 | AP51: 1
B52: 2.3.2.4 | C52: Багц-5.4 | D52: Багц 4 Гадна дулаан, ус хангамж, ариутгах татуурга | F52: 0.23658748 | G52: =+F52*G48 -> 0.0015489706 | N52: 1 | O52: 1 | P52: 1 | Q52: 1 | R52: 1 | S52: 1 | T52: 1 | U52: 1 | V52: 1 | W52: 1 | X52: 1 | Y52: 1 | Z52: 1 | AA52: 1 | AB52: 1 | AC52: 1 | AD52: 1 | AE52: 1 | AF52: 1 | AG52: 1 | AH52: 1 | AI52: 1 | AJ52: 1 | AK52: 1 | AL52: 1 | AM52: 1 | AN52: 1 | AO52: 1 | AP52: 1
B53: 2.3.2.5 | C53: БАГЦ-14 | D53: Нэвтрэх суваг | F53: 0.13605595 | G53: =+F53*G48 -> 0.00089077695 | N53: 1 | O53: 1 | P53: 1 | Q53: 1 | R53: 1 | S53: 1 | T53: 1 | U53: 1 | V53: 1 | W53: 1 | X53: 1 | Y53: 1 | Z53: 1 | AA53: 1 | AB53: 1 | AC53: 1 | AD53: 1 | AE53: 1 | AF53: 1 | AG53: 1 | AH53: 1 | AI53: 1 | AJ53: 1 | AK53: 1 | AL53: 1 | AM53: 1 | AN53: 1 | AO53: 1 | AP53: 1
B54: 2.3.2.6 | C54: БАГЦ -9 | D54: Дамбадаржаа 1-р контур барилга угсралт | F54: 0.10923086 | G54: =+F54*G48 -> 0.00071514938 | N54: 0 | O54: 0 | P54: 0 | Q54: 0 | R54: 0 | S54: 0 | T54: 0 | U54: 0 | V54: 0 | W54: 0 | X54: 0 | Y54: 0 | Z54: 0 | AA54: 0 | AB54: 0 | AC54: 0 | AD54: 0 | AE54: 0 | AF54: 0
B55: 2.3.2.7 | C55: БАГЦ-11 | D55: Гадна ус хангамж цагирган системийн ажил | F55: 0.092010956 | G55: =+F55*G48 -> 0.00060240834 | N55: 1 | O55: 1 | P55: 1 | Q55: 1 | R55: 1 | S55: 1 | T55: 1 | U55: 1 | V55: 1 | W55: 1 | X55: 1 | Y55: 1 | Z55: 1 | AA55: 1 | AB55: 1 | AC55: 1 | AD55: 1 | AE55: 1 | AF55: 1 | AG55: 1 | AH55: 1 | AI55: 1 | AJ55: 1 | AK55: 1 | AL55: 1 | AM55: 1 | AN55: 1 | AO55: 1 | AP55: 1
B56: 2.3.3 | C56: Багц 10,12,13,15 | D56: Инженерийн дэд бүтэц, эх үүсвэрийн шугам сүлжээний өргөтгөл | F56: 0.067498464 | G56: =+F56*G35 -> 0.0012142686 | N56: =+SUMPRODUCT($F57:$F60,N57:N60) -> 0.96750701 | O56: =+SUMPRODUCT($F57:$F60,O57:O60) -> 0.96750701 | P56: =+SUMPRODUCT($F57:$F60,P57:P60) -> 0.96750701 | Q56: =+SUMPRODUCT($F57:$F60,Q57:Q60) -> 0.96750701 | R56: =+SUMPRODUCT($F57:$F60,R57:R60) -> 0.96750701 | S56: =+SUMPRODUCT($F57:$F60,S57:S60) -> 0.96750701 | T56: =+SUMPRODUCT($F57:$F60,T57:T60) -> 0.96750701 | U56: =+SUMPRODUCT($F57:$F60,U57:U60) -> 0.96750701 | ... AP56: =+SUMPRODUCT($F57:$F60,AP57:AP60) -> 0.96750701
B57: 2.3.3.2 | C57: Багц-10 | D57: Гадна усан хангамж эх үүсвэрийн ажил | F57: 0.49999532 | G57: =+F57*G56 -> 0.00060712863 | N57: 1 | O57: 1 | P57: 1 | Q57: 1 | R57: 1 | S57: 1 | T57: 1 | U57: 1 | V57: 1 | W57: 1 | X57: 1 | Y57: 1 | Z57: 1 | AA57: 1 | AB57: 1 | AC57: 1 | AD57: 1 | AE57: 1 | AF57: 1 | AG57: 1 | AH57: 1 | AI57: 1 | AJ57: 1 | AK57: 1 | AL57: 1 | AM57: 1 | AN57: 1 | AO57: 1 | AP57: 1
B58: 2.3.3.3 | C58: Багц-12 | D58: Гадна ариутгах татуурга / Ф600 ширмэн хоолой/ | F58: 0.16246495 | G58: =+F58*G56 -> 0.00019727608 | N58: 0.8 | O58: 0.8 | P58: 0.8 | Q58: 0.8 | R58: 0.8 | S58: 0.8 | T58: 0.8 | U58: 0.8 | V58: 0.8 | W58: 0.8 | X58: 0.8 | Y58: 0.8 | Z58: 0.8 | AA58: 0.8 | AB58: 0.8 | AC58: 0.8 | AD58: 0.8 | AE58: 0.8 | AF58: 0.8 | AG58: 0.8 | AH58: 0.8 | AI58: 0.8 | AJ58: 0.8 | AK58: 0.8 | AL58: 0.8 | AM58: 0.8 | AN58: 0.8 | AO58: 0.8 | AP58: 0.8
B59: 2.3.3.4 | C59: Багц-13 | D59: 2000 м3 Усан сангийн байгууламж | F59: 0.19260369 | G59: =+F59*G56 -> 0.00023387262 | N59: 1 | O59: 1 | P59: 1 | Q59: 1 | R59: 1 | S59: 1 | T59: 1 | U59: 1 | V59: 1 | W59: 1 | X59: 1 | Y59: 1 | Z59: 1 | AA59: 1 | AB59: 1 | AC59: 1 | AD59: 1 | AE59: 1 | AF59: 1 | AG59: 1 | AH59: 1 | AI59: 1 | AJ59: 1 | AK59: 1 | AL59: 1 | AM59: 1 | AN59: 1 | AO59: 1 | AP59: 1
B60: 2.3.3.5 | C60: Багц-15 | D60: Насосны барилгын өргөтгөл | F60: 0.14493604 | G60: =+F60*G56 -> 0.00017599128 | N60: 1 | O60: 1 | P60: 1 | Q60: 1 | R60: 1 | S60: 1 | T60: 1 | U60: 1 | V60: 1 | W60: 1 | X60: 1 | Y60: 1 | Z60: 1 | AA60: 1 | AB60: 1 | AC60: 1 | AD60: 1 | AE60: 1 | AF60: 1 | AG60: 1 | AH60: 1 | AI60: 1 | AJ60: 1 | AK60: 1 | AL60: 1 | AM60: 1 | AN60: 1 | AO60: 1 | AP60: 1
B61: 2.2 | C61: БАГЦ 1- 4 | D61: Суурийн холболтын ажил | E61: 2231740000 | F61: 0.167 | G61: =+F61*G11 -> 0.013043898 | N61: 0.92 | O61: 0.92 | P61: 0.92 | Q61: 0.92 | R61: 0.92 | S61: 0.92 | T61: 0.92 | U61: 0.92 | V61: 0.92 | W61: 0.92 | X61: 0.92 | Y61: 0.92 | Z61: 0.92 | AA61: 0.92 | AB61: 0.92 | AC61: 0.92 | AD61: 0.92 | AE61: 0.92 | AF61: 0.92 | AG61: 0.92 | AH61: 0.92 | AI61: 0.92 | AJ61: 0.92 | AK61: 0.92 | AL61: 0.92 | AM61: 0.92 | AN61: 0.92 | AO61: 0.92 | AP61: 0.92
B62: 2.3 | C62: Багц 7-9, 18 | D62: Инженерийн бэлтгэл арга хэмжээний дэд бүтэц | E62: =SUM(E63:E69) -> 5455354289 | F62: 0.167 | G62: =+F62*G35 -> 0.0030042589 | N62: =+SUMPRODUCT($F63:$F69,N63:N69) -> 0.66504223 | O62: =+SUMPRODUCT($F63:$F69,O63:O69) -> 0.66504223 | P62: =+SUMPRODUCT($F63:$F69,P63:P69) -> 0.66504223 | Q62: =+SUMPRODUCT($F63:$F69,Q63:Q69) -> 0.66504223 | R62: =+SUMPRODUCT($F63:$F69,R63:R69) -> 0.66504223 | S62: =+SUMPRODUCT($F63:$F69,S63:S69) -> 0.66504223 | T62: =+SUMPRODUCT($F63:$F69,T63:T69) -> 0.66504223 | U62: =+SUMPRODUCT($F63:$F69,U63:U69) -> 0.66504223 | ... AP62: =+SUMPRODUCT($F63:$F69,AP63:AP69) -> 0.66504223
B63: 2.3.4.1 | C63: БАГЦ-7.1 | D63: Хөрсний ус зайлуулах, доошлуулах байгууламж | E63: 505000000 | F63: =E63/$E$62 -> 0.092569607 | G63: =+F63*G62 -> 0.00027810306 | N63: 1 | O63: 1 | P63: 1 | Q63: 1 | R63: 1 | S63: 1 | T63: 1 | U63: 1 | V63: 1 | W63: 1 | X63: 1 | Y63: 1 | Z63: 1 | AA63: 1 | AB63: 1 | AC63: 1 | AD63: 1 | AE63: 1 | AF63: 1 | AG63: 1 | AH63: 1 | AI63: 1 | AJ63: 1 | AK63: 1 | AL63: 1 | AM63: 1 | AN63: 1 | AO63: 1 | AP63: 1
B64: 2.3.4.2 | C64: БАГЦ-7.2 | D64: Үерийн болон гадаргуугийн ус зайлуулах системийн ажил | E64: 0 | F64: =E64/$E$62 -> 0 | G64: =+F64*G62 -> 0 | N64: 0 | O64: 0 | P64: 0 | Q64: 0 | R64: 0 | S64: 0 | T64: 0 | U64: 0 | V64: 0 | W64: 0 | X64: 0 | Y64: 0 | Z64: 0 | AA64: 0 | AB64: 0 | AC64: 0 | AD64: 0 | AE64: 0 | AF64: 0
B65: 2.3.3.1 | C65: Багц-8 | D65: 110кв дэд станц, ЦДАШ | E65: 323040989 | F65: =E65/$E$62 -> 0.0592154 | G65: =+F65*G56 -> 7.1903402e-05 | N65: 1 | O65: 1 | P65: 1 | Q65: 1 | R65: 1 | S65: 1 | T65: 1 | U65: 1 | V65: 1 | W65: 1 | X65: 1 | Y65: 1 | Z65: 1 | AA65: 1 | AB65: 1 | AC65: 1 | AD65: 1 | AE65: 1 | AF65: 1 | AG65: 1 | AH65: 1 | AI65: 1 | AJ65: 1 | AK65: 1 | AL65: 1 | AM65: 1 | AN65: 1 | AO65: 1 | AP65: 1
B66: 2.3.3.1 | C66: Багц-9.1 | D66: Дамбадаржаа 63 мВт-ийн станцын өргөтгөлийн ТЭЗҮ, техникийн зураг төсөл боловсруулах | E66: 1500000000 | F66: =E66/$E$62 -> 0.27495923 | G66: =+F66*G57 -> 0.00016693562 | N66: 0 | O66: 0 | P66: 0 | Q66: 0 | R66: 0 | S66: 0 | T66: 0 | U66: 0 | V66: 0 | W66: 0 | X66: 0 | Y66: 0 | Z66: 0 | AA66: 0 | AB66: 0 | AC66: 0 | AD66: 0 | AE66: 0 | AF66: 0
B67: 2.3.3.1 | C67: Багц-9.2 | D67: Дамбадаржаа дулааны станцаас өргөтгөх 1 дүгээр хэлхээний зураг төсөл | E67: 327313300 | F67: =E67/$E$62 -> 0.059998541 | G67: =+F67*G58 -> 1.1836277e-05 | N67: 0 | O67: 0 | P67: 0 | Q67: 0 | R67: 0 | S67: 0 | T67: 0 | U67: 0 | V67: 0 | W67: 0 | X67: 0 | Y67: 0 | Z67: 0 | AA67: 0 | AB67: 0 | AC67: 0 | AD67: 0 | AE67: 0 | AF67: 0
B68: 2.3.3.1 | C68: Багц 18 | D68: Төслийн иж бүрэн авто замын зураг төсөл | E68: 0 | F68: =E68/$E$62 -> 0 | G68: =+F68*G59 -> 0 | N68: 0 | O68: 0 | P68: 0 | Q68: 0 | R68: 0 | S68: 0 | T68: 0 | U68: 0 | V68: 0 | W68: 0 | X68: 0 | Y68: 0 | Z68: 0 | AA68: 0 | AB68: 0 | AC68: 0 | AD68: 0 | AE68: 0 | AF68: 0
B69: 2.3.3.1 | C69: Багц 1–6, 8–17 | D69: «Сэлбэ ухаалаг хот» эдийн засгийн тусгай бүс болохтой холбогдуулан ТЭЗҮ, барилгажилтын төслийг шинэчлэх | E69: 2800000000 | F69: =E69/$E$62 -> 0.51325722 | G69: =+F69*G60 -> 9.0328797e-05 | N69: 1 | O69: 1 | P69: 1 | Q69: 1 | R69: 1 | S69: 1 | T69: 1 | U69: 1 | V69: 1 | W69: 1 | X69: 1 | Y69: 1 | Z69: 1 | AA69: 1 | AB69: 1 | AC69: 1 | AD69: 1 | AE69: 1 | AF69: 1 | AG69: 1 | AH69: 1 | AI69: 1 | AJ69: 1 | AK69: 1 | AL69: 1 | AM69: 1 | AN69: 1 | AO69: 1 | AP69: 1
B70: 2.4 | C70: Багц 19,20 | D70: НИЙГМИЙН ДЭД БҮТЭЦ (Нийслэл төсөв) | F70: =F891 -> 0.07087694 | G70: =+F70*G9 -> 0.007087694 | N70: =+SUMPRODUCT($F71:$F82,N71:N82) -> 0.091696347 | O70: =+SUMPRODUCT($F71:$F82,O71:O82) -> 0.091696347 | P70: =+SUMPRODUCT($F71:$F82,P71:P82) -> 0.091696347 | Q70: =+SUMPRODUCT($F71:$F82,Q71:Q82) -> 0.091696347 | R70: =+SUMPRODUCT($F71:$F82,R71:R82) -> 0.091696347 | S70: =+SUMPRODUCT($F71:$F82,S71:S82) -> 0.091696347 | T70: =+SUMPRODUCT($F71:$F82,T71:T82) -> 0.091696347 | U70: =+SUMPRODUCT($F71:$F82,U71:U82) -> 0.091696347 | ... AP70: =+SUMPRODUCT($F71:$F82,AP71:AP82) -> 0.091696347
B71: 2.4.1 | C71: БАГЦ - 19.1 | D71: 960 хүүхдийн сургууль | F71: =F892 -> 0.11462043 | G71: =+F71*G70 -> 0.00081239456 | N71: 0.8 | O71: 0.8 | P71: 0.8 | Q71: 0.8 | R71: 0.8 | S71: 0.8 | T71: 0.8 | U71: 0.8 | V71: 0.8 | W71: 0.8 | X71: 0.8 | Y71: 0.8 | Z71: 0.8 | AA71: 0.8 | AB71: 0.8 | AC71: 0.8 | AD71: 0.8 | AE71: 0.8 | AF71: 0.8 | AG71: 0.8 | AH71: 0.8 | AI71: 0.8 | AJ71: 0.8 | AK71: 0.8 | AL71: 0.8 | AM71: 0.8 | AN71: 0.8 | AO71: 0.8 | AP71: 0.8
B72: 2.4.2 | C72: БАГЦ - 19.2 | D72: 1,560 хүүхдийн сургууль | F72: =F893 -> 0.16914444 | G72: =+F72*G70 -> 0.001198844 | N72: 0 | O72: 0 | P72: 0 | Q72: 0 | R72: 0 | S72: 0 | T72: 0 | U72: 0 | V72: 0 | W72: 0 | X72: 0 | Y72: 0 | Z72: 0 | AA72: 0 | AB72: 0 | AC72: 0 | AD72: 0 | AE72: 0 | AF72: 0
B73: 2.4.3 | C73: БАГЦ - 19.3 | D73: 1,260 хүүхдийн сургууль | F73: =F894 -> 0.15393683 | G73: =+F73*G70 -> 0.0010910571 | N73: 0 | O73: 0 | P73: 0 | Q73: 0 | R73: 0 | S73: 0 | T73: 0 | U73: 0 | V73: 0 | W73: 0 | X73: 0 | Y73: 0 | Z73: 0 | AA73: 0 | AB73: 0 | AC73: 0 | AD73: 0 | AE73: 0 | AF73: 0
B74: 2.4.4 | C74: БАГЦ - 20.1 | D74: 240 хүүхдийн цэцэрлэг | F74: =F895 -> 0.039190488 | G74: =+F74*G70 -> 0.00027777018 | N74: 0 | O74: 0 | P74: 0 | Q74: 0 | R74: 0 | S74: 0 | T74: 0 | U74: 0 | V74: 0 | W74: 0 | X74: 0 | Y74: 0 | Z74: 0 | AA74: 0 | AB74: 0 | AC74: 0 | AD74: 0 | AE74: 0 | AF74: 0
B75: 2.4.5 | C75: БАГЦ - 20.2 | D75: 240 хүүхдийн цэцэрлэг | F75: =F896 -> 0.039190488 | G75: =+F75*G70 -> 0.00027777018 | N75: 0 | O75: 0 | P75: 0 | Q75: 0 | R75: 0 | S75: 0 | T75: 0 | U75: 0 | V75: 0 | W75: 0 | X75: 0 | Y75: 0 | Z75: 0 | AA75: 0 | AB75: 0 | AC75: 0 | AD75: 0 | AE75: 0 | AF75: 0
B76: 2.4.6 | C76: БАГЦ - 20.3 | D76: 240 хүүхдийн цэцэрлэг | F76: =F897 -> 0.039190488 | G76: =+F76*G70 -> 0.00027777018 | N76: 0 | O76: 0 | P76: 0 | Q76: 0 | R76: 0 | S76: 0 | T76: 0 | U76: 0 | V76: 0 | W76: 0 | X76: 0 | Y76: 0 | Z76: 0 | AA76: 0 | AB76: 0 | AC76: 0 | AD76: 0 | AE76: 0 | AF76: 0
B77: 2.4.7 | C77: БАГЦ - 20.4 | D77: 240 хүүхдийн цэцэрлэг | F77: =F898 -> 0.039190488 | G77: =+F77*G70 -> 0.00027777018 | N77: 0 | O77: 0 | P77: 0 | Q77: 0 | R77: 0 | S77: 0 | T77: 0 | U77: 0 | V77: 0 | W77: 0 | X77: 0 | Y77: 0 | Z77: 0 | AA77: 0 | AB77: 0 | AC77: 0 | AD77: 0 | AE77: 0 | AF77: 0
B78: 2.4.8 | C78: БАГЦ - 20.5 | D78: 240 хүүхдийн цэцэрлэг | F78: =F899 -> 0.039190488 | G78: =+F78*G70 -> 0.00027777018 | N78: 0 | O78: 0 | P78: 0 | Q78: 0 | R78: 0 | S78: 0 | T78: 0 | U78: 0 | V78: 0 | W78: 0 | X78: 0 | Y78: 0 | Z78: 0 | AA78: 0 | AB78: 0 | AC78: 0 | AD78: 0 | AE78: 0 | AF78: 0
B79: 2.4.9 | C79: БАГЦ - 20.6 | D79: Цагдаагийн байр | F79: =F900 -> 0.040894422 | G79: =+F79*G70 -> 0.00028984715 | N79: 0 | O79: 0 | P79: 0 | Q79: 0 | R79: 0 | S79: 0 | T79: 0 | U79: 0 | V79: 0 | W79: 0 | X79: 0 | Y79: 0 | Z79: 0 | AA79: 0 | AB79: 0 | AC79: 0 | AD79: 0 | AE79: 0 | AF79: 0
B80: 2.4.10 | C80: БАГЦ - 20.7 | D80: Өрхийн эмнэлэг | F80: =F901 -> 0.13120294 | G80: =+F80*G70 -> 0.00092992627 | N80: 0 | O80: 0 | P80: 0 | Q80: 0 | R80: 0 | S80: 0 | T80: 0 | U80: 0 | V80: 0 | W80: 0 | X80: 0 | Y80: 0 | Z80: 0 | AA80: 0 | AB80: 0 | AC80: 0 | AD80: 0 | AE80: 0 | AF80: 0
B81: 2.4.11 | C81: БАГЦ - 20.8 | D81: Сэлбэ цамхаг | F81: =F902 -> 0.17039342 | G81: =+F81*G70 -> 0.0012076964 | N81: 0 | O81: 0 | P81: 0 | Q81: 0 | R81: 0 | S81: 0 | T81: 0 | U81: 0 | V81: 0 | W81: 0 | X81: 0 | Y81: 0 | Z81: 0 | AA81: 0 | AB81: 0 | AC81: 0 | AD81: 0 | AE81: 0 | AF81: 0
B82: 2.4.12 | C82: БАГЦ - 20.9 | D82: Сэлбэ эко ривэр фронт | F82: =F903 -> 0.023855079 | G82: =+F82*G70 -> 0.0001690775 | N82: 0 | O82: 0 | P82: 0 | Q82: 0 | R82: 0 | S82: 0 | T82: 0 | U82: 0 | V82: 0 | W82: 0 | X82: 0 | Y82: 0 | Z82: 0 | AA82: 0 | AB82: 0 | AC82: 0 | AD82: 0 | AE82: 0 | AF82: 0
B83: 3 | D83: Газар чөлөөлөлт | G83: 0.03 | H83: 45932 | I83: 46047 | N83: 0.93 | O83: 0.93 | P83: 0.93 | Q83: 1 | R83: 1 | S83: 1 | T83: 1 | U83: 1 | V83: 1 | W83: 1 | X83: 1 | Y83: 1 | Z83: 1 | AA83: 1 | AB83: 1 | AC83: 1 | AD83: 1 | AE83: 1 | AF83: 1 | AG83: 1 | AH83: 1 | AI83: 1 | AJ83: 1 | AK83: 1 | AL83: 1 | AM83: 1 | AN83: 1 | AO83: 1 | AP83: 1
B84: 3.1 | D84: Орон сууцны хороолол барилга угсралт | F84: =F719 -> 0.78107172 | G84: =+F84*G83 -> 0.023432151 | N84: =+$F85*N85+$F106*N106+$F133*N133+$F145*N145+$F158*N158+$F173*N173+$F191*N191 -> 0.96197183 | O84: =+$F85*O85+$F106*O106+$F133*O133+$F145*O145+$F158*O158+$F173*O173+$F191*O191 -> 0.96197183 | P84: =+$F85*P85+$F106*P106+$F133*P133+$F145*P145+$F158*P158+$F173*P173+$F191*P191 -> 0.96197183 | Q84: =+$F85*Q85+$F106*Q106+$F133*Q133+$F145*Q145+$F158*Q158+$F173*Q173+$F191*Q191 -> 0.96197183 | R84: =+$F85*R85+$F106*R106+$F133*R133+$F145*R145+$F158*R158+$F173*R173+$F191*R191 -> 0.96197183 | S84: =+$F85*S85+$F106*S106+$F133*S133+$F145*S145+$F158*S158+$F173*S173+$F191*S191 -> 0.96197183 | T84: =+$F85*T85+$F106*T106+$F133*T133+$F145*T145+$F158*T158+$F173*T173+$F191*T191 -> 0.96197183 | U84: =+$F85*U85+$F106*U106+$F133*U133+$F145*U145+$F158*U158+$F173*U173+$F191*U191 -> 0.96197183 | ... AP84: =+$F85*AP85+$F106*AP106+$F133*AP133+$F145*AP145+$F158*AP158+$F173*AP173+$F191*AP191 -> 0.96197183
B85: 3.1.1 | C85: Багц-1 | D85: Орон сууцны хороолол барилга угсралт | F85: 0.20095297 | G85: =+F85*G84 -> 0.0047087603 | N85: =+SUMPRODUCT($F86:$F105,N86:N105) -> 0.85270909 | O85: =+SUMPRODUCT($F86:$F105,O86:O105) -> 0.85270909 | P85: =+SUMPRODUCT($F86:$F105,P86:P105) -> 0.85270909 | Q85: =+SUMPRODUCT($F86:$F105,Q86:Q105) -> 0.85270909 | R85: =+SUMPRODUCT($F86:$F105,R86:R105) -> 0.85270909 | S85: =+SUMPRODUCT($F86:$F105,S86:S105) -> 0.85270909 | T85: =+SUMPRODUCT($F86:$F105,T86:T105) -> 0.85270909 | U85: =+SUMPRODUCT($F86:$F105,U86:U105) -> 0.85270909 | ... AP85: =+SUMPRODUCT($F86:$F105,AP86:AP105) -> 0.85270909
B86: 3.1.1.1 | C86: 5/1 | D86: 9 давхар 71 айлын орон сууцны барилга | F86: =F721 -> 0.044581817 | G86: =+F86*G85 -> 0.00020992509 | N86: 1 | O86: 1 | P86: 1 | Q86: 1 | R86: 1 | S86: 1 | T86: 1 | U86: 1 | V86: 1 | W86: 1 | X86: 1 | Y86: 1 | Z86: 1 | AA86: 1 | AB86: 1 | AC86: 1 | AD86: 1 | AE86: 1 | AF86: 1 | AG86: 1 | AH86: 1 | AI86: 1 | AJ86: 1 | AK86: 1 | AL86: 1 | AM86: 1 | AN86: 1 | AO86: 1 | AP86: 1
B87: 3.1.1.2 | C87: 5/2 | D87: 9 давхар 71 айлын орон сууцны барилга | F87: =F722 -> 0.044581817 | G87: =+F87*G85 -> 0.00020992509 | N87: 1 | O87: 1 | P87: 1 | Q87: 1 | R87: 1 | S87: 1 | T87: 1 | U87: 1 | V87: 1 | W87: 1 | X87: 1 | Y87: 1 | Z87: 1 | AA87: 1 | AB87: 1 | AC87: 1 | AD87: 1 | AE87: 1 | AF87: 1 | AG87: 1 | AH87: 1 | AI87: 1 | AJ87: 1 | AK87: 1 | AL87: 1 | AM87: 1 | AN87: 1 | AO87: 1 | AP87: 1
B88: 3.1.1.3 | C88: 5/3 | D88: 9 давхар 71 айлын орон сууцны барилга | F88: =F723 -> 0.044581817 | G88: =+F88*G85 -> 0.00020992509 | N88: 1 | O88: 1 | P88: 1 | Q88: 1 | R88: 1 | S88: 1 | T88: 1 | U88: 1 | V88: 1 | W88: 1 | X88: 1 | Y88: 1 | Z88: 1 | AA88: 1 | AB88: 1 | AC88: 1 | AD88: 1 | AE88: 1 | AF88: 1 | AG88: 1 | AH88: 1 | AI88: 1 | AJ88: 1 | AK88: 1 | AL88: 1 | AM88: 1 | AN88: 1 | AO88: 1 | AP88: 1
B89: 3.1.1.4 | C89: 5/4 | D89: 9 давхар 71 айлын орон сууцны барилга | F89: =F724 -> 0.044581817 | G89: =+F89*G85 -> 0.00020992509 | N89: 1 | O89: 1 | P89: 1 | Q89: 1 | R89: 1 | S89: 1 | T89: 1 | U89: 1 | V89: 1 | W89: 1 | X89: 1 | Y89: 1 | Z89: 1 | AA89: 1 | AB89: 1 | AC89: 1 | AD89: 1 | AE89: 1 | AF89: 1 | AG89: 1 | AH89: 1 | AI89: 1 | AJ89: 1 | AK89: 1 | AL89: 1 | AM89: 1 | AN89: 1 | AO89: 1 | AP89: 1
B90: 3.1.1.5 | C90: 5/5 | D90: 9 давхар 71 айлын орон сууцны барилга | F90: =F725 -> 0.044581817 | G90: =+F90*G85 -> 0.00020992509 | N90: 1 | O90: 1 | P90: 1 | Q90: 1 | R90: 1 | S90: 1 | T90: 1 | U90: 1 | V90: 1 | W90: 1 | X90: 1 | Y90: 1 | Z90: 1 | AA90: 1 | AB90: 1 | AC90: 1 | AD90: 1 | AE90: 1 | AF90: 1 | AG90: 1 | AH90: 1 | AI90: 1 | AJ90: 1 | AK90: 1 | AL90: 1 | AM90: 1 | AN90: 1 | AO90: 1 | AP90: 1
B91: 3.1.1.6 | C91: 5/6 | D91: 9 давхар 71 айлын орон сууцны барилга | F91: =F726 -> 0.044581817 | G91: =+F91*G85 -> 0.00020992509 | N91: 1 | O91: 1 | P91: 1 | Q91: 1 | R91: 1 | S91: 1 | T91: 1 | U91: 1 | V91: 1 | W91: 1 | X91: 1 | Y91: 1 | Z91: 1 | AA91: 1 | AB91: 1 | AC91: 1 | AD91: 1 | AE91: 1 | AF91: 1 | AG91: 1 | AH91: 1 | AI91: 1 | AJ91: 1 | AK91: 1 | AL91: 1 | AM91: 1 | AN91: 1 | AO91: 1 | AP91: 1
B92: 3.1.1.7 | C92: 5/7 | D92: 9 давхар 71 айлын орон сууцны барилга | F92: =F727 -> 0.044581817 | G92: =+F92*G85 -> 0.00020992509 | N92: 0 | O92: 0 | P92: 0 | Q92: 0 | R92: 0 | S92: 0 | T92: 0 | U92: 0 | V92: 0 | W92: 0 | X92: 0 | Y92: 0 | Z92: 0 | AA92: 0 | AB92: 0 | AC92: 0 | AD92: 0 | AE92: 0 | AF92: 0
B93: 3.1.1.8 | C93: 5/8 | D93: 9 давхар 71 айлын орон сууцны барилга | F93: =F728 -> 0.044581817 | G93: =+F93*G85 -> 0.00020992509 | N93: 1 | O93: 1 | P93: 1 | Q93: 1 | R93: 1 | S93: 1 | T93: 1 | U93: 1 | V93: 1 | W93: 1 | X93: 1 | Y93: 1 | Z93: 1 | AA93: 1 | AB93: 1 | AC93: 1 | AD93: 1 | AE93: 1 | AF93: 1 | AG93: 1 | AH93: 1 | AI93: 1 | AJ93: 1 | AK93: 1 | AL93: 1 | AM93: 1 | AN93: 1 | AO93: 1 | AP93: 1
B94: 3.1.1.9 | C94: 5/9 | D94: 9 давхар 71 айлын орон сууцны барилга | F94: =F729 -> 0.044581817 | G94: =+F94*G85 -> 0.00020992509 | N94: 1 | O94: 1 | P94: 1 | Q94: 1 | R94: 1 | S94: 1 | T94: 1 | U94: 1 | V94: 1 | W94: 1 | X94: 1 | Y94: 1 | Z94: 1 | AA94: 1 | AB94: 1 | AC94: 1 | AD94: 1 | AE94: 1 | AF94: 1 | AG94: 1 | AH94: 1 | AI94: 1 | AJ94: 1 | AK94: 1 | AL94: 1 | AM94: 1 | AN94: 1 | AO94: 1 | AP94: 1
B95: 3.1.1.10 | C95: 5/10 | D95: 9 давхар 71 айлын орон сууцны барилга | F95: =F730 -> 0.044581817 | G95: =+F95*G85 -> 0.00020992509 | N95: 1 | O95: 1 | P95: 1 | Q95: 1 | R95: 1 | S95: 1 | T95: 1 | U95: 1 | V95: 1 | W95: 1 | X95: 1 | Y95: 1 | Z95: 1 | AA95: 1 | AB95: 1 | AC95: 1 | AD95: 1 | AE95: 1 | AF95: 1 | AG95: 1 | AH95: 1 | AI95: 1 | AJ95: 1 | AK95: 1 | AL95: 1 | AM95: 1 | AN95: 1 | AO95: 1 | AP95: 1
B96: 3.1.1.11 | C96: 5/11 | D96: 9 давхар 71 айлын орон сууцны барилга | F96: =F731 -> 0.044581817 | G96: =+F96*G85 -> 0.00020992509 | N96: 1 | O96: 1 | P96: 1 | Q96: 1 | R96: 1 | S96: 1 | T96: 1 | U96: 1 | V96: 1 | W96: 1 | X96: 1 | Y96: 1 | Z96: 1 | AA96: 1 | AB96: 1 | AC96: 1 | AD96: 1 | AE96: 1 | AF96: 1 | AG96: 1 | AH96: 1 | AI96: 1 | AJ96: 1 | AK96: 1 | AL96: 1 | AM96: 1 | AN96: 1 | AO96: 1 | AP96: 1
B97: 3.1.1.12 | C97: 5/12 | D97: 9 давхар 71 айлын орон сууцны барилга | F97: =F732 -> 0.044581817 | G97: =+F97*G85 -> 0.00020992509 | N97: 0 | O97: 0 | P97: 0 | Q97: 0 | R97: 0 | S97: 0 | T97: 0 | U97: 0 | V97: 0 | W97: 0 | X97: 0 | Y97: 0 | Z97: 0 | AA97: 0 | AB97: 0 | AC97: 0 | AD97: 0 | AE97: 0 | AF97: 0
B98: 3.1.1.13 | C98: 29/1 | D98: 12 давхар 117 айлын орон сууцны барилга | F98: =F733 -> 0.058127274 | G98: =+F98*G85 -> 0.0002737074 | N98: 1 | O98: 1 | P98: 1 | Q98: 1 | R98: 1 | S98: 1 | T98: 1 | U98: 1 | V98: 1 | W98: 1 | X98: 1 | Y98: 1 | Z98: 1 | AA98: 1 | AB98: 1 | AC98: 1 | AD98: 1 | AE98: 1 | AF98: 1 | AG98: 1 | AH98: 1 | AI98: 1 | AJ98: 1 | AK98: 1 | AL98: 1 | AM98: 1 | AN98: 1 | AO98: 1 | AP98: 1
B99: 3.1.1.14 | C99: 29/2 | D99: 12 давхар 117 айлын орон сууцны барилга | F99: =F734 -> 0.058127274 | G99: =+F99*G85 -> 0.0002737074 | N99: 1 | O99: 1 | P99: 1 | Q99: 1 | R99: 1 | S99: 1 | T99: 1 | U99: 1 | V99: 1 | W99: 1 | X99: 1 | Y99: 1 | Z99: 1 | AA99: 1 | AB99: 1 | AC99: 1 | AD99: 1 | AE99: 1 | AF99: 1 | AG99: 1 | AH99: 1 | AI99: 1 | AJ99: 1 | AK99: 1 | AL99: 1 | AM99: 1 | AN99: 1 | AO99: 1 | AP99: 1
B100: 3.1.1.15 | C100: 29/3 | D100: 12 давхар 117 айлын орон сууцны барилга | F100: =F735 -> 0.058127274 | G100: =+F100*G85 -> 0.0002737074 | N100: 1 | O100: 1 | P100: 1 | Q100: 1 | R100: 1 | S100: 1 | T100: 1 | U100: 1 | V100: 1 | W100: 1 | X100: 1 | Y100: 1 | Z100: 1 | AA100: 1 | AB100: 1 | AC100: 1 | AD100: 1 | AE100: 1 | AF100: 1 | AG100: 1 | AH100: 1 | AI100: 1 | AJ100: 1 | AK100: 1 | AL100: 1 | AM100: 1 | AN100: 1 | AO100: 1 | AP100: 1
B101: 3.1.1.16 | C101: 29/4 | D101: 12 давхар 117 айлын орон сууцны барилга | F101: =F736 -> 0.058127274 | G101: =+F101*G85 -> 0.0002737074 | N101: 1 | O101: 1 | P101: 1 | Q101: 1 | R101: 1 | S101: 1 | T101: 1 | U101: 1 | V101: 1 | W101: 1 | X101: 1 | Y101: 1 | Z101: 1 | AA101: 1 | AB101: 1 | AC101: 1 | AD101: 1 | AE101: 1 | AF101: 1 | AG101: 1 | AH101: 1 | AI101: 1 | AJ101: 1 | AK101: 1 | AL101: 1 | AM101: 1 | AN101: 1 | AO101: 1 | AP101: 1
B102: 3.1.1.17 | C102: 29/5 | D102: 12 давхар 117 айлын орон сууцны барилга | F102: =F737 -> 0.058127274 | G102: =+F102*G85 -> 0.0002737074 | N102: 0 | O102: 0 | P102: 0 | Q102: 0 | R102: 0 | S102: 0 | T102: 0 | U102: 0 | V102: 0 | W102: 0 | X102: 0 | Y102: 0 | Z102: 0 | AA102: 0 | AB102: 0 | AC102: 0 | AD102: 0 | AE102: 0 | AF102: 0
...

Sheet Төсөл төлөвлөгөө биелэлт
X1: ТЭЗҮ Зураг төсл | Y1: =+(G7*S7+G9*S9)/15% -> 0.94682301
B2: ТӨСЛИЙН ГҮЙЦЭТГЭЛ | X2: Барилга угсралт | Y2: =+S528 -> 0.26090144
B4: Д/Д | C4: Багцын дугаар | D4: Ажлын нэр | E4: Урьдчилсан төсөвт өртөг | F4: Хэсэгт эзлэх | G4: Төсөлд эзлэх хувь | H4: Гэрээ/Хавсралт 5 | J4: Гүйцэтгэгч | L4: ОСНАУГ/Газар чөлөөлөлт/ хуулийн маргаан/Өндөржилт нөлөөлөл | N4: Төлөвлөгөөт хувь Гэрээ Хавсралт 5 | O4: Төлөвлөгөөт хувь Гэрээ-Газар чөлөөлөлт хуулийн маргаан хассан Хавсралт 5 | P4: Төлөвлөгөөт хувь Гүйцэтгэгч | Q4: Төлөвлөгөөт хувь Next week | R4: Төлөвлөгөөт хувь Өмнө долоо хоног | S4: Гүйцэтгэлийн хувь | T4: Төлөвлөгөө биелэлт Гэрээ | U4: Төлөвлөгөө биелэлт Гэрээ-Газар чөлөөлөлт хуулийн маргаан хассан | V4: Төлөвлөгөө биелэлт- Гүйцэтгэгч | W4: Төлөвлөгөө биелэлт Weekly
H5: Төлөвлөгөөт эхлэх | I5: Төлөвлөгөөт дуусах | J5: Төлөвлөгөөт эхлэх | K5: Төлөвлөгөөт дуусах | L5: Бодит Эхлэх | M5: Бодит дуусах
B6: ТӨСЛИЙН НИЙТ ГҮЙЦЭТГЭЛ | E6: =E7+E9+E528 -> 2.4958419e+12 | G6: =+G7+G9+G83+G268+G342+G528+G904+G909 -> 1 | N6: =+$G7*N7+$G9*N9+$G83*N83+$G268*N268+$G342*N342+$G528*N528+$G904*N904+$G909*N909 -> 0.71852661 | O6: =+$G7*O7+$G9*O9+$G83*O83+$G268*O268+$G342*O342+$G528*O528+$G904*O904+$G909*O909 -> 0.63730515 | P6: =+$G7*P7+$G9*P9+$G83*P83+$G268*P268+$G342*P342+$G528*P528+$G904*P904+$G909*P909 -> 0.59395469 | Q6: =+$G7*Q7+$G9*Q9+$G83*Q83+$G268*Q268+$G342*Q342+$G528*Q528+$G904*Q904+$G909*Q909 -> 0.39658204 | R6: =+$G7*R7+$G9*R9+$G83*R83+$G268*R268+$G342*R342+$G528*R528+$G904*R904+$G909*R909 -> 0.39221357 | S6: =+$G7*S7+$G9*S9+$G83*S83+$G268*S268+$G342*S342+$G528*S528+$G904*S904+$G909*S909 -> 0.39340923 | T6: =+IF(N6=0,0,$S6/N6) -> 0.54752215 | U6: =+IF(O6=0,0,$S6/O6) -> 0.6173012 | V6: =+IF(P6=0,0,$S6/P6) -> 0.66235563 | W6: =+IF(R6=0,0,$S6/R6) -> 1.0030485
B7: 1 | D7: ТЭЗҮ | E7: =E8 -> 3553800000 | G7: 0.05 | H7: 45390 | I7: 45555 | N7: =+($F8*N8) -> 1 | O7: =+($F8*O8) -> 1 | P7: =+($F8*P8) -> 1 | Q7: =+($F8*Q8) -> 1 | R7: =+($F8*R8) -> 1 | S7: =+($F8*S8) -> 1 | T7: =+IF(N7=0,0,$S7/N7) -> 1 | U7: =+IF(O7=0,0,$S7/O7) -> 1 | V7: =+IF(P7=0,0,$S7/P7) -> 1 | W7: =+IF(R7=0,0,$S7/R7) -> 1
B8: 1.1 | C8: БАГЦ 1-6 БАГЦ 8-17 | D8: "Сэлбэ дэд төв" орчмын гэр хорооллыг дахин төлөвлөн орон сууцжуулах төслийн ТЭЗҮ, барилгажилтын төсөл, олон улсын зөвлөх үйлчилгээ, зураг төслийг боловсруулах ажил | E8: 3553800000 | F8: 1 | G8: =+F8*G7 -> 0.05 | N8: 1 | O8: 1 | P8: 1 | Q8: 1 | R8: 1 | S8: 1 | T8: =+IF(N8=0,0,$S8/N8) -> 1 | U8: =+IF(O8=0,0,$S8/O8) -> 1 | V8: =+IF(P8=0,0,$S8/P8) -> 1 | W8: =+IF(R8=0,0,$S8/R8) -> 1
B9: 2 | D9: Ажлын зураг төсөл | E9: =E10+E61+E62 -> 8220164289 | G9: 0.1 | H9: 45390 | I9: 45884 | N9: =+($F10*N10+$F61*N61+$F62*N62) -> 0.98781562 | O9: =+($F10*O10+$F61*O61+$F62*O62) -> 0.98781562 | P9: =+($F10*P10+$F61*P61+$F62*P62) -> 0.98781562 | Q9: =(F10*Q10+F61*Q61+F62*Q62+F70*Q70) -> 0.92023451 | R9: =($F10*R10+$F61*R61+$F62*R62+$F70*R70) -> 0.92023451 | S9: =($F10*S10+$F61*S61+$F62*S62+$F70*S70) -> 0.92023451 | T9: =+IF(N9=0,0,$S9/N9) -> 0.9315853 | U9: =+IF(O9=0,0,$S9/O9) -> 0.9315853 | V9: =+IF(P9=0,0,$S9/P9) -> 0.9315853 | W9: =+IF(R9=0,0,$S9/R9) -> 1
B10: 2.1 | C10: БАГЦ 1-6 БАГЦ 10-17 | D10: "Сэлбэ дэд төв" орчмын гэр хорооллыг дахин төлөвлөн орон сууцжуулах төслийн ТЭЗҮ, барилгажилтын төсөл, олон улсын зөвлөх үйлчилгээ, зураг төслийг боловсруулах ажил (Барилгажилты төсөл Хувилбар 2) нэмэлт ажил | E10: 533070000 | F10: 0.666 | G10: =+F10*G9 -> 0.0666 | N10: =$F11*N11+$F19*N19+$F35*N35 -> 0.98170514 | O10: =$F11*O11+$F19*O19+$F35*O35 -> 0.98170514 | P10: =$F11*P11+$F19*P19+$F35*P35 -> 0.98170514 | Q10: =$F11*Q11+$F19*Q19+$F35*Q35 -> 0.97452448 | R10: =$F11*R11+$F19*R19+$F35*R35 -> 0.97452448 | S10: =$F11*S11+$F19*S19+$F35*S35 -> 0.97452448 | T10: =+IF(N10=0,0,$S10/N10) -> 0.99268552 | U10: =+IF(O10=0,0,$S10/O10) -> 0.99268552 | V10: =+IF(P10=0,0,$S10/P10) -> 0.99268552 | W10: =+IF(R10=0,0,$S10/R10) -> 1
B11: 2.1.1 | C11: Багц- 1-4 | D11: Орон сууцны хороолол барилга угсралт | F11: =F719 -> 0.78107172 | G11: =+F11*G9 -> 0.078107172 | N11: =+$F12*N12+$F13*N13+$F14*N14+$F15*N15+$F16*N16+$F17*N17+$F18*N18 -> 1 | O11: =+$F12*O12+$F13*O13+$F14*O14+$F15*O15+$F16*O16+$F17*O17+$F18*O18 -> 1 | P11: =+$F12*P12+$F13*P13+$F14*P14+$F15*P15+$F16*P16+$F17*P17+$F18*P18 -> 1 | Q11: =+$F12*Q12+$F13*Q13+$F14*Q14+$F15*Q15+$F16*Q16+$F17*Q17+$F18*Q18 -> 1 | R11: =+$F12*R12+$F13*R13+$F14*R14+$F15*R15+$F16*R16+$F17*R17+$F18*R18 -> 1 | S11: =+$F12*S12+$F13*S13+$F14*S14+$F15*S15+$F16*S16+$F17*S17+$F18*S18 -> 1 | T11: =+IF(N11=0,0,$S11/N11) -> 1 | U11: =+IF(O11=0,0,$S11/O11) -> 1 | V11: =+IF(P11=0,0,$S11/P11) -> 1 | W11: =+IF(R11=0,0,$S11/R11) -> 1
B12: 2.1.1 | C12: Багц-1 | D12: Орон сууцны хороолол барилга угсралт | F12: 0.20095297 | G12: =+F12*G11 -> 0.015695868 | N12: 1 | O12: 1 | P12: 1 | Q12: 1 | R12: 1 | S12: 1 | T12: =+IF(N12=0,0,$S12/N12) -> 1 | U12: =+IF(O12=0,0,$S12/O12) -> 1 | V12: =+IF(P12=0,0,$S12/P12) -> 1 | W12: =+IF(R12=0,0,$S12/R12) -> 1
B13: 2.1.2 | C13: Багц-2 | D13: Орон сууцны хороолол барилга угсралт | F13: 0.24153553 | G13: =+F13*G11 -> 0.018865657 | N13: 1 | O13: 1 | P13: 1 | Q13: 1 | R13: 1 | S13: 1 | T13: =+IF(N13=0,0,$S13/N13) -> 1 | U13: =+IF(O13=0,0,$S13/O13) -> 1 | V13: =+IF(P13=0,0,$S13/P13) -> 1 | W13: =+IF(R13=0,0,$S13/R13) -> 1
B14: 2.1.3 | C14: Багц-3.1 | D14: Орон сууцны хороолол барилга угсралт | F14: 0.094678015 | G14: =+F14*G11 -> 0.007395032 | N14: 1 | O14: 1 | P14: 1 | Q14: 1 | R14: 1 | S14: 1 | T14: =+IF(N14=0,0,$S14/N14) -> 1 | U14: =+IF(O14=0,0,$S14/O14) -> 1 | V14: =+IF(P14=0,0,$S14/P14) -> 1 | W14: =+IF(R14=0,0,$S14/R14) -> 1
B15: 2.1.4 | C15: Багц-3.2 | D15: Орон сууцны хороолол барилга угсралт | F15: 0.10115553 | G15: =+F15*G11 -> 0.0079009722 | N15: 1 | O15: 1 | P15: 1 | Q15: 1 | R15: 1 | S15: 1 | T15: =+IF(N15=0,0,$S15/N15) -> 1 | U15: =+IF(O15=0,0,$S15/O15) -> 1 | V15: =+IF(P15=0,0,$S15/P15) -> 1 | W15: =+IF(R15=0,0,$S15/R15) -> 1
B16: 2.1.5 | C16: Багц-3.3 | D16: Орон сууцны хороолол барилга угсралт | F16: 0.11541079 | G16: =+F16*G11 -> 0.0090144107 | N16: 1 | O16: 1 | P16: 1 | Q16: 1 | R16: 1 | S16: 1 | T16: =+IF(N16=0,0,$S16/N16) -> 1 | U16: =+IF(O16=0,0,$S16/O16) -> 1 | V16: =+IF(P16=0,0,$S16/P16) -> 1 | W16: =+IF(R16=0,0,$S16/R16) -> 1
B17: 2.1.6 | C17: Багц-4.1 | D17: Орон сууцны хороолол барилга угсралт | F17: 0.13984312 | G17: =+F17*G11 -> 0.010922751 | N17: 1 | O17: 1 | P17: 1 | Q17: 1 | R17: 1 | S17: 1 | T17: =+IF(N17=0,0,$S17/N17) -> 1 | U17: =+IF(O17=0,0,$S17/O17) -> 1 | V17: =+IF(P17=0,0,$S17/P17) -> 1 | W17: =+IF(R17=0,0,$S17/R17) -> 1
B18: 2.1.7 | C18: Багц-4.2 | D18: Орон сууцны хороолол барилга угсралт | F18: 0.10642405 | G18: =+F18*G11 -> 0.0083124812 | N18: 1 | O18: 1 | P18: 1 | Q18: 1 | R18: 1 | S18: 1 | T18: =+IF(N18=0,0,$S18/N18) -> 1 | U18: =+IF(O18=0,0,$S18/O18) -> 1 | V18: =+IF(P18=0,0,$S18/P18) -> 1 | W18: =+IF(R18=0,0,$S18/R18) -> 1
B19: 2.1.2 | C19: Багц-16, 17 | D19: ГАДНА ТОХИЖИЛТ, ӨНДӨРЖИЛТ | F19: =F842 -> 0.039032542 | G19: =+F19*G9 -> 0.0039032542 | N19: =+SUMPRODUCT($F20:$F34,N20:N34) -> 0.53129205 | O19: =+SUMPRODUCT($F20:$F34,O20:O34) -> 0.53129205 | P19: =+SUMPRODUCT($F20:$F34,P20:P34) -> 0.53129205 | Q19: =+SUMPRODUCT($F20:$F34,Q20:Q34) -> 0.90709062 | R19: =+SUMPRODUCT($F20:$F34,R20:R34) -> 0.90709062 | S19: =+SUMPRODUCT($F20:$F34,S20:S34) -> 0.90709062 | T19: =+IF(N19=0,0,$S19/N19) -> 1.7073296 | U19: =+IF(O19=0,0,$S19/O19) -> 1.7073296 | V19: =+IF(P19=0,0,$S19/P19) -> 1.7073296 | W19: =+IF(R19=0,0,$S19/R19) -> 1
B20: 2.2.1 | C20: БАГЦ-16.1 | D20: Өндөржилтийн ажил БАГЦ 1 | F20: =F843 -> 0.092877611 | G20: =+F20*G19 -> 0.00036252493 | N20: 1 | O20: 1 | P20: 1 | Q20: 1 | R20: 1 | S20: 1 | T20: =+IF(N20=0,0,$S20/N20) -> 1 | U20: =+IF(O20=0,0,$S20/O20) -> 1 | V20: =+IF(P20=0,0,$S20/P20) -> 1 | W20: =+IF(R20=0,0,$S20/R20) -> 1
B21: 2.2.2 | C21: БАГЦ-16.2 | D21: Өндөржилтийн ажил БАГЦ 2 | F21: =F844 -> 0.058105219 | G21: =+F21*G19 -> 0.00022679944 | N21: 1 | O21: 1 | P21: 1 | Q21: 1 | R21: 1 | S21: 1 | T21: =+IF(N21=0,0,$S21/N21) -> 1 | U21: =+IF(O21=0,0,$S21/O21) -> 1 | V21: =+IF(P21=0,0,$S21/P21) -> 1 | W21: =+IF(R21=0,0,$S21/R21) -> 1
B22: 2.2.3 | C22: БАГЦ-16.3 | D22: Өндөржилтийн ажил БАГЦ 3.1 | F22: =F845 -> 0.027796911 | G22: =+F22*G19 -> 0.00010849841 | N22: 1 | O22: 1 | P22: 1 | Q22: 1 | R22: 1 | S22: 1 | T22: =+IF(N22=0,0,$S22/N22) -> 1 | U22: =+IF(O22=0,0,$S22/O22) -> 1 | V22: =+IF(P22=0,0,$S22/P22) -> 1 | W22: =+IF(R22=0,0,$S22/R22) -> 1
B23: 2.2.4 | C23: БАГЦ-16.4 | D23: Өндөржилтийн ажил БАГЦ 3.2 | F23: =F846 -> 0.0291553 | G23: =+F23*G19 -> 0.00011380055 | N23: 1 | O23: 1 | P23: 1 | Q23: 1 | R23: 1 | S23: 1 | T23: =+IF(N23=0,0,$S23/N23) -> 1 | U23: =+IF(O23=0,0,$S23/O23) -> 1 | V23: =+IF(P23=0,0,$S23/P23) -> 1 | W23: =+IF(R23=0,0,$S23/R23) -> 1
B24: 2.2.5 | C24: БАГЦ-16.5 | D24: Өндөржилтийн ажил БАГЦ 3.3 | F24: =F847 -> 0.040182802 | G24: =+F24*G19 -> 0.00015684369 | N24: 1 | O24: 1 | P24: 1 | Q24: 1 | R24: 1 | S24: 1 | T24: =+IF(N24=0,0,$S24/N24) -> 1 | U24: =+IF(O24=0,0,$S24/O24) -> 1 | V24: =+IF(P24=0,0,$S24/P24) -> 1 | W24: =+IF(R24=0,0,$S24/R24) -> 1
B25: 2.2.6 | C25: БАГЦ-16.6 | D25: Өндөржилтийн ажил БАГЦ 4.1 | F25: =F848 -> 0.098615014 | G25: =+F25*G19 -> 0.00038491947 | N25: 1 | O25: 1 | P25: 1 | Q25: 1 | R25: 1 | S25: 1 | T25: =+IF(N25=0,0,$S25/N25) -> 1 | U25: =+IF(O25=0,0,$S25/O25) -> 1 | V25: =+IF(P25=0,0,$S25/P25) -> 1 | W25: =+IF(R25=0,0,$S25/R25) -> 1
B26: 2.2.7 | C26: БАГЦ-16.7 | D26: Өндөржилтийн ажил БАГЦ 4.2 | F26: =F849 -> 0.091649809 | G26: =+F26*G19 -> 0.00035773251 | N26: 1 | O26: 1 | P26: 1 | Q26: 1 | R26: 1 | S26: 1 | T26: =+IF(N26=0,0,$S26/N26) -> 1 | U26: =+IF(O26=0,0,$S26/O26) -> 1 | V26: =+IF(P26=0,0,$S26/P26) -> 1 | W26: =+IF(R26=0,0,$S26/R26) -> 1
B27: 2.2.8 | C27: БАГЦ-16.8 | D27: Өндөржилтийн ажил Олон нийтийн бүсийн ГИШС | F27: =F850 -> 0.092909381 | G27: =+F27*G19 -> 0.00036264893 | N27: 1 | O27: 1 | P27: 1 | Q27: 0 | R27: 0 | S27: 0 | T27: =+IF(N27=0,0,$S27/N27) -> 0 | U27: =+IF(O27=0,0,$S27/O27) -> 0 | V27: =+IF(P27=0,0,$S27/P27) -> 0 | W27: =+IF(R27=0,0,$S27/R27) -> 0
B28: 2.2.9 | C28: БАГЦ-17.1 | D28: Гадна тохижилтийн ажил БАГЦ 1 | F28: =F851 -> 0.080887029 | G28: =+F28*G19 -> 0.00031572264 | Q28: 1 | R28: 1 | S28: 1 | T28: =+IF(N28=0,0,$S28/N28) -> 0 | U28: =+IF(O28=0,0,$S28/O28) -> 0 | V28: =+IF(P28=0,0,$S28/P28) -> 0 | W28: =+IF(R28=0,0,$S28/R28) -> 1
B29: 2.2.10 | C29: БАГЦ-17.2 | D29: Гадна тохижилтийн ажил БАГЦ 2 | F29: =F852 -> 0.11788368 | G29: =+F29*G19 -> 0.00046012997 | Q29: 1 | R29: 1 | S29: 1 | T29: =+IF(N29=0,0,$S29/N29) -> 0 | U29: =+IF(O29=0,0,$S29/O29) -> 0 | V29: =+IF(P29=0,0,$S29/P29) -> 0 | W29: =+IF(R29=0,0,$S29/R29) -> 1
B30: 2.2.11 | C30: БАГЦ-17.3 | D30: Гадна тохижилтийн ажил БАГЦ 3.1 | F30: =F853 -> 0.041046639 | G30: =+F30*G19 -> 0.00016021547 | Q30: 1 | R30: 1 | S30: 1 | T30: =+IF(N30=0,0,$S30/N30) -> 0 | U30: =+IF(O30=0,0,$S30/O30) -> 0 | V30: =+IF(P30=0,0,$S30/P30) -> 0 | W30: =+IF(R30=0,0,$S30/R30) -> 1
B31: 2.2.12 | C31: БАГЦ-17.4 | D31: Гадна тохижилтийн ажил БАГЦ 3.2 | F31: =F854 -> 0.053741978 | G31: =+F31*G19 -> 0.0002097686 | Q31: 1 | R31: 1 | S31: 1 | T31: =+IF(N31=0,0,$S31/N31) -> 0 | U31: =+IF(O31=0,0,$S31/O31) -> 0 | V31: =+IF(P31=0,0,$S31/P31) -> 0 | W31: =+IF(R31=0,0,$S31/R31) -> 1
B32: 2.2.13 | C32: БАГЦ-17.5 | D32: Гадна тохижилтийн ажил БАГЦ 3.3 | F32: =F855 -> 0.058057395 | G32: =+F32*G19 -> 0.00022661277 | Q32: 1 | R32: 1 | S32: 1 | T32: =+IF(N32=0,0,$S32/N32) -> 0 | U32: =+IF(O32=0,0,$S32/O32) -> 0 | V32: =+IF(P32=0,0,$S32/P32) -> 0 | W32: =+IF(R32=0,0,$S32/R32) -> 1
B33: 2.2.14 | C33: БАГЦ-17.6 | D33: Гадна тохижилтийн ажил БАГЦ 4.1 | F33: =F856 -> 0.061612727 | G33: =+F33*G19 -> 0.00024049014 | Q33: 1 | R33: 1 | S33: 1 | T33: =+IF(N33=0,0,$S33/N33) -> 0 | U33: =+IF(O33=0,0,$S33/O33) -> 0 | V33: =+IF(P33=0,0,$S33/P33) -> 0 | W33: =+IF(R33=0,0,$S33/R33) -> 1
B34: 2.2.15 | C34: БАГЦ-17.7 | D34: Гадна тохижилтийн ажил БАГЦ 4.2 | F34: =F857 -> 0.055478507 | G34: =+F34*G19 -> 0.00021654672 | Q34: 1 | R34: 1 | S34: 1 | T34: =+IF(N34=0,0,$S34/N34) -> 0 | U34: =+IF(O34=0,0,$S34/O34) -> 0 | V34: =+IF(P34=0,0,$S34/P34) -> 0 | W34: =+IF(R34=0,0,$S34/R34) -> 1
B35: 2.1.3 | C35: Багц- 5,6 9-15 | D35: ИНЖЕНЕРИЙН ДЭД БҮТЭЦ | F35: =F858 -> 0.17989574 | G35: =+F35*G9 -> 0.017989574 | N35: =+$F36*N36+$F48*N48+$F56*N56 -> 1 | O35: =+$F36*O36+$F48*O48+$F56*O56 -> 1 | P35: =+$F36*P36+$F48*P48+$F56*P56 -> 1 | Q35: =+$F36*Q36+$F48*Q48+$F56*Q56 -> 0.87854613 | R35: =+$F36*R36+$F48*R48+$F56*R56 -> 0.87854613 | S35: =+$F36*S36+$F48*S48+$F56*S56 -> 0.87854613 | T35: =+IF(N35=0,0,$S35/N35) -> 0.87854613 | U35: =+IF(O35=0,0,$S35/O35) -> 0.87854613 | V35: =+IF(P35=0,0,$S35/P35) -> 0.87854613 | W35: =+IF(R35=0,0,$S35/R35) -> 1
B36: 2.3.1 | C36: Багц 6 | D36: Гадна цахилгаан, холбоо дохиолол | F36: 0.5685609 | G36: =+F36*G35 -> 0.010228168 | N36: =+SUMPRODUCT($F37:$F47,N37:N47) -> 1 | O36: =+SUMPRODUCT($F37:$F47,O37:O47) -> 1 | P36: =+SUMPRODUCT($F37:$F47,P37:P47) -> 1 | Q36: =+SUMPRODUCT($F37:$F47,Q37:Q47) -> 0.86016081 | R36: =+SUMPRODUCT($F37:$F47,R37:R47) -> 0.86016081 | S36: =+SUMPRODUCT($F37:$F47,S37:S47) -> 0.86016081 | T36: =+IF(N36=0,0,$S36/N36) -> 0.86016081 | U36: =+IF(O36=0,0,$S36/O36) -> 0.86016081 | V36: =+IF(P36=0,0,$S36/P36) -> 0.86016081 | W36: =+IF(R36=0,0,$S36/R36) -> 1
B37: 2.3.1.1 | C37: Багц-6.1 | D37: Багц 1 Гадна цахилгаан, холбоо дохиолол | F37: 0.050651268 | G37: =+F37*G36 -> 0.0005180697 | N37: 1 | O37: 1 | P37: 1 | Q37: 1 | R37: 1 | S37: 1 | T37: =+IF(N37=0,0,$S37/N37) -> 1 | U37: =+IF(O37=0,0,$S37/O37) -> 1 | V37: =+IF(P37=0,0,$S37/P37) -> 1 | W37: =+IF(R37=0,0,$S37/R37) -> 1
B38: 2.3.1.2 | C38: Багц-6.2 | D38: Багц 2 Гадна цахилгаан, холбоо дохиолол | F38: 0.082125454 | G38: =+F38*G36 -> 0.00083999298 | N38: 1 | O38: 1 | P38: 1 | Q38: 1 | R38: 1 | S38: 1 | T38: =+IF(N38=0,0,$S38/N38) -> 1 | U38: =+IF(O38=0,0,$S38/O38) -> 1 | V38: =+IF(P38=0,0,$S38/P38) -> 1 | W38: =+IF(R38=0,0,$S38/R38) -> 1
B39: 2.3.1.3 | C39: Багц-6.3 | D39: Багц 3 Гадна цахилгаан, холбоо дохиолол | F39: 0.066964931 | G39: =+F39*G36 -> 0.0006849286 | N39: 1 | O39: 1 | P39: 1 | Q39: 1 | R39: 1 | S39: 1 | T39: =+IF(N39=0,0,$S39/N39) -> 1 | U39: =+IF(O39=0,0,$S39/O39) -> 1 | V39: =+IF(P39=0,0,$S39/P39) -> 1 | W39: =+IF(R39=0,0,$S39/R39) -> 1
B40: 2.3.1.4 | C40: Багц-6.4 | D40: Багц 4 Гадна цахилгаан, холбоо дохиолол | F40: 0.082833365 | G40: =+F40*G36 -> 0.00084723361 | N40: 1 | O40: 1 | P40: 1 | Q40: 1 | R40: 1 | S40: 1 | T40: =+IF(N40=0,0,$S40/N40) -> 1 | U40: =+IF(O40=0,0,$S40/O40) -> 1 | V40: =+IF(P40=0,0,$S40/P40) -> 1 | W40: =+IF(R40=0,0,$S40/R40) -> 1
B41: 2.3.1.5 | C41: Багц-6.5 | D41: "Сэлбэ дэд төв"-ийн барилгажилтын төслийн ХТП, РП-ний тоноглол, барилга угсралтын ажил (A хэсэг) | F41: 0.18485404 | G41: =+F41*G36 -> 0.0018907182 | N41: 1 | O41: 1 | P41: 1 | Q41: 1 | R41: 1 | S41: 1 | T41: =+IF(N41=0,0,$S41/N41) -> 1 | U41: =+IF(O41=0,0,$S41/O41) -> 1 | V41: =+IF(P41=0,0,$S41/P41) -> 1 | W41: =+IF(R41=0,0,$S41/R41) -> 1
B42: 2.3.1.6 | C42: Багц-6.6 | D42: "Сэлбэ дэд төв"-ийн барилгажилтын төслийн ХТП, РП-ний тоноглол, барилга угсралтын ажил (B хэсэг) | F42: 0.10096602 | G42: =+F42*G36 -> 0.0010326975 | N42: 1 | O42: 1 | P42: 1 | Q42: 1 | R42: 1 | S42: 1 | T42: =+IF(N42=0,0,$S42/N42) -> 1 | U42: =+IF(O42=0,0,$S42/O42) -> 1 | V42: =+IF(P42=0,0,$S42/P42) -> 1 | W42: =+IF(R42=0,0,$S42/R42) -> 1
B43: 2.3.1.7 | C43: Багц-6.7 | D43: "Сэлбэ дэд төв"-ийн барилгажилтын төслийн ХТП, РП-ний тоноглол, барилга угсралтын ажил (C хэсэг) | F43: 0.10262124 | G43: =+F43*G36 -> 0.0010496273 | N43: 1 | O43: 1 | P43: 1 | Q43: 1 | R43: 1 | S43: 1 | T43: =+IF(N43=0,0,$S43/N43) -> 1 | U43: =+IF(O43=0,0,$S43/O43) -> 1 | V43: =+IF(P43=0,0,$S43/P43) -> 1 | W43: =+IF(R43=0,0,$S43/R43) -> 1
B44: 2.3.1.8 | C44: Багц-6.8 | D44: "Сэлбэ дэд төв"-ийн барилгажилтын төслийн ХТП, РП-ний тоноглол, барилга угсралтын ажил (D хэсэг) | F44: 0.16486816 | G44: =+F44*G36 -> 0.0016862993 | N44: 1 | O44: 1 | P44: 1 | Q44: 1 | R44: 1 | S44: 1 | T44: =+IF(N44=0,0,$S44/N44) -> 1 | U44: =+IF(O44=0,0,$S44/O44) -> 1 | V44: =+IF(P44=0,0,$S44/P44) -> 1 | W44: =+IF(R44=0,0,$S44/R44) -> 1
B45: 2.3.1.9 | C45: БАГЦ-6.1, 6.2 | D45: Төгөл дэд станц өргөтгөх 6.1, 6.2 зам сүвлэх ажил | F45: 0.0045095887 | G45: =+F45*G36 -> 4.6124833e-05 | N45: 1 | O45: 1 | P45: 1 | Q45: 1 | R45: 1 | S45: 1 | T45: =+IF(N45=0,0,$S45/N45) -> 1 | U45: =+IF(O45=0,0,$S45/O45) -> 1 | V45: =+IF(P45=0,0,$S45/P45) -> 1 | W45: =+IF(R45=0,0,$S45/R45) -> 1
B46: 2.3.1.10 | C46: БАГЦ-6.9 | D46: Нэгдсэн хяналтын систем -Удирдлагын төв | F46: 0.13983919 | G46: =+F46*G36 -> 0.0014302988 | N46: 1 | O46: 1 | P46: 1 | Q46: 0 | R46: 0 | S46: 0 | T46: =+IF(N46=0,0,$S46/N46) -> 0 | U46: =+IF(O46=0,0,$S46/O46) -> 0 | V46: =+IF(P46=0,0,$S46/P46) -> 0 | W46: =+IF(R46=0,0,$S46/R46) -> 0
B47: 2.3.1.11 | C47: БАГЦ-6.10 | D47: Цахилгаан дамжуулах агаарын шугам шилжүүлэх, 10 кВ-ын ЦДАШ-ын трасс шилжүүлэх ажил | F47: 0.019766747 | G47: =+F47*G36 -> 0.00020217762 | N47: 1 | O47: 1 | P47: 1 | Q47: 1 | R47: 1 | S47: 1 | T47: =+IF(N47=0,0,$S47/N47) -> 1 | U47: =+IF(O47=0,0,$S47/O47) -> 1 | V47: =+IF(P47=0,0,$S47/P47) -> 1 | W47: =+IF(R47=0,0,$S47/R47) -> 1
B48: 2.3.2 | C48: Багц 5, 9,11,14 | D48: Гадна дулаан, ус хангамж, ариутгах татуурга | F48: 0.36394064 | G48: =+F48*G35 -> 0.0065471371 | N48: =+SUMPRODUCT($F49:$F55,N49:N55) -> 1 | O48: =+SUMPRODUCT($F49:$F55,O49:O55) -> 1 | P48: =+SUMPRODUCT($F49:$F55,P49:P55) -> 1 | Q48: =+SUMPRODUCT($F49:$F55,Q49:Q55) -> 0.89076914 | R48: =+SUMPRODUCT($F49:$F55,R49:R55) -> 0.89076914 | S48: =+SUMPRODUCT($F49:$F55,S49:S55) -> 0.89076914 | T48: =+IF(N48=0,0,$S48/N48) -> 0.89076914 | U48: =+IF(O48=0,0,$S48/O48) -> 0.89076914 | V48: =+IF(P48=0,0,$S48/P48) -> 0.89076914 | W48: =+IF(R48=0,0,$S48/R48) -> 1
B49: 2.3.2.1 | C49: Багц-5.1 | D49: Багц 1 Гадна дулаан, ус хангамж, ариутгах татуурга | F49: 0.071676986 | G49: =+F49*G48 -> 0.00046927905 | N49: 1 | O49: 1 | P49: 1 | Q49: 1 | R49: 1 | S49: 1 | T49: =+IF(N49=0,0,$S49/N49) -> 1 | U49: =+IF(O49=0,0,$S49/O49) -> 1 | V49: =+IF(P49=0,0,$S49/P49) -> 1 | W49: =+IF(R49=0,0,$S49/R49) -> 1
B50: 2.3.2.2 | C50: Багц-5.2 | D50: Багц 2 Гадна дулаан, ус хангамж, ариутгах татуурга | F50: 0.15362856 | G50: =+F50*G48 -> 0.0010058272 | N50: 1 | O50: 1 | P50: 1 | Q50: 1 | R50: 1 | S50: 1 | T50: =+IF(N50=0,0,$S50/N50) -> 1 | U50: =+IF(O50=0,0,$S50/O50) -> 1 | V50: =+IF(P50=0,0,$S50/P50) -> 1 | W50: =+IF(R50=0,0,$S50/R50) -> 1
B51: 2.3.2.3 | C51: Багц-5.3 | D51: Багц 3 Гадна дулаан, ус хангамж, ариутгах татуурга | F51: 0.20080922 | G51: =+F51*G48 -> 0.0013147255 | N51: 1 | O51: 1 | P51: 1 | Q51: 1 | R51: 1 | S51: 1 | T51: =+IF(N51=0,0,$S51/N51) -> 1 | U51: =+IF(O51=0,0,$S51/O51) -> 1 | V51: =+IF(P51=0,0,$S51/P51) -> 1 | W51: =+IF(R51=0,0,$S51/R51) -> 1
B52: 2.3.2.4 | C52: Багц-5.4 | D52: Багц 4 Гадна дулаан, ус хангамж, ариутгах татуурга | F52: 0.23658748 | G52: =+F52*G48 -> 0.0015489706 | N52: 1 | O52: 1 | P52: 1 | Q52: 1 | R52: 1 | S52: 1 | T52: =+IF(N52=0,0,$S52/N52) -> 1 | U52: =+IF(O52=0,0,$S52/O52) -> 1 | V52: =+IF(P52=0,0,$S52/P52) -> 1 | W52: =+IF(R52=0,0,$S52/R52) -> 1
B53: 2.3.2.5 | C53: БАГЦ-14 | D53: Нэвтрэх суваг | F53: 0.13605595 | G53: =+F53*G48 -> 0.00089077695 | N53: 1 | O53: 1 | P53: 1 | Q53: 1 | R53: 1 | S53: 1 | T53: =+IF(N53=0,0,$S53/N53) -> 1 | U53: =+IF(O53=0,0,$S53/O53) -> 1 | V53: =+IF(P53=0,0,$S53/P53) -> 1 | W53: =+IF(R53=0,0,$S53/R53) -> 1
B54: 2.3.2.6 | C54: БАГЦ -9 | D54: Дамбадаржаа 1-р контур барилга угсралт | F54: 0.10923086 | G54: =+F54*G48 -> 0.00071514938 | N54: 1 | O54: 1 | P54: 1 | Q54: 0 | R54: 0 | S54: 0 | T54: =+IF(N54=0,0,$S54/N54) -> 0 | U54: =+IF(O54=0,0,$S54/O54) -> 0 | V54: =+IF(P54=0,0,$S54/P54) -> 0 | W54: =+IF(R54=0,0,$S54/R54) -> 0
B55: 2.3.2.7 | C55: БАГЦ-11 | D55: Гадна ус хангамж цагирган системийн ажил | F55: 0.092010956 | G55: =+F55*G48 -> 0.00060240834 | N55: 1 | O55: 1 | P55: 1 | Q55: 1 | R55: 1 | S55: 1 | T55: =+IF(N55=0,0,$S55/N55) -> 1 | U55: =+IF(O55=0,0,$S55/O55) -> 1 | V55: =+IF(P55=0,0,$S55/P55) -> 1 | W55: =+IF(R55=0,0,$S55/R55) -> 1
B56: 2.3.3 | C56: Багц 10,12,13,15 | D56: Инженерийн дэд бүтэц, эх үүсвэрийн шугам сүлжээний өргөтгөл | F56: 0.067498464 | G56: =+F56*G35 -> 0.0012142686 | N56: =+SUMPRODUCT($F57:$F60,N57:N60) -> 1 | O56: =+SUMPRODUCT($F57:$F60,O57:O60) -> 1 | P56: =+SUMPRODUCT($F57:$F60,P57:P60) -> 1 | Q56: =+SUMPRODUCT($F57:$F60,Q57:Q60) -> 0.96750701 | R56: =+SUMPRODUCT($F57:$F60,R57:R60) -> 0.96750701 | S56: =+SUMPRODUCT($F57:$F60,S57:S60) -> 0.96750701 | T56: =+IF(N56=0,0,$S56/N56) -> 0.96750701 | U56: =+IF(O56=0,0,$S56/O56) -> 0.96750701 | V56: =+IF(P56=0,0,$S56/P56) -> 0.96750701 | W56: =+IF(R56=0,0,$S56/R56) -> 1
B57: 2.3.3.2 | C57: Багц-10 | D57: Гадна усан хангамж эх үүсвэрийн ажил | F57: 0.49999532 | G57: =+F57*G56 -> 0.00060712863 | N57: 1 | O57: 1 | P57: 1 | Q57: 1 | R57: 1 | S57: 1 | T57: =+IF(N57=0,0,$S57/N57) -> 1 | U57: =+IF(O57=0,0,$S57/O57) -> 1 | V57: =+IF(P57=0,0,$S57/P57) -> 1 | W57: =+IF(R57=0,0,$S57/R57) -> 1
B58: 2.3.3.3 | C58: Багц-12 | D58: Гадна ариутгах татуурга / Ф600 ширмэн хоолой/ | F58: 0.16246495 | G58: =+F58*G56 -> 0.00019727608 | N58: 1 | O58: 1 | P58: 1 | Q58: 0.8 | R58: 0.8 | S58: 0.8 | T58: =+IF(N58=0,0,$S58/N58) -> 0.8 | U58: =+IF(O58=0,0,$S58/O58) -> 0.8 | V58: =+IF(P58=0,0,$S58/P58) -> 0.8 | W58: =+IF(R58=0,0,$S58/R58) -> 1
B59: 2.3.3.4 | C59: Багц-13 | D59: 2000 м3 Усан сангийн байгууламж | F59: 0.19260369 | G59: =+F59*G56 -> 0.00023387262 | N59: 1 | O59: 1 | P59: 1 | Q59: 1 | R59: 1 | S59: 1 | T59: =+IF(N59=0,0,$S59/N59) -> 1 | U59: =+IF(O59=0,0,$S59/O59) -> 1 | V59: =+IF(P59=0,0,$S59/P59) -> 1 | W59: =+IF(R59=0,0,$S59/R59) -> 1
B60: 2.3.3.5 | C60: Багц-15 | D60: Насосны барилгын өргөтгөл | F60: 0.14493604 | G60: =+F60*G56 -> 0.00017599128 | N60: 1 | O60: 1 | P60: 1 | Q60: 1 | R60: 1 | S60: 1 | T60: =+IF(N60=0,0,$S60/N60) -> 1 | U60: =+IF(O60=0,0,$S60/O60) -> 1 | V60: =+IF(P60=0,0,$S60/P60) -> 1 | W60: =+IF(R60=0,0,$S60/R60) -> 1
B61: 2.2 | C61: БАГЦ 1- 4 | D61: Суурийн холболтын ажил | E61: 2231740000 | F61: 0.167 | G61: =+F61*G11 -> 0.013043898 | N61: 1 | O61: 1 | P61: 1 | Q61: 0.92 | R61: 0.92 | S61: 0.92 | T61: =+IF(N61=0,0,$S61/N61) -> 0.92 | U61: =+IF(O61=0,0,$S61/O61) -> 0.92 | V61: =+IF(P61=0,0,$S61/P61) -> 0.92 | W61: =+IF(R61=0,0,$S61/R61) -> 1
B62: 2.3 | C62: Багц 7-9, 18 | D62: Инженерийн бэлтгэл арга хэмжээний дэд бүтэц | E62: =SUM(E63:E69) -> 5455354289 | F62: 0.167 | G62: =+F62*G35 -> 0.0030042589 | N62: =+SUMPRODUCT($F63:$F69,N63:N69) -> 1 | O62: =+SUMPRODUCT($F63:$F69,O63:O69) -> 1 | P62: =+SUMPRODUCT($F63:$F69,P63:P69) -> 1 | Q62: =+SUMPRODUCT($F63:$F69,Q63:Q69) -> 0.66504223 | R62: =+SUMPRODUCT($F63:$F69,R63:R69) -> 0.66504223 | S62: =+SUMPRODUCT($F63:$F69,S63:S69) -> 0.66504223 | T62: =+IF(N62=0,0,$S62/N62) -> 0.66504223 | U62: =+IF(O62=0,0,$S62/O62) -> 0.66504223 | V62: =+IF(P62=0,0,$S62/P62) -> 0.66504223 | W62: =+IF(R62=0,0,$S62/R62) -> 1
B63: 2.3.4.1 | C63: БАГЦ-7.1 | D63: Хөрсний ус зайлуулах, доошлуулах байгууламж | E63: 505000000 | F63: =E63/$E$62 -> 0.092569607 | G63: =+F63*G62 -> 0.00027810306 | N63: 1 | O63: 1 | P63: 1 | Q63: 1 | R63: 1 | S63: 1 | T63: =+IF(N63=0,0,$S63/N63) -> 1 | U63: =+IF(O63=0,0,$S63/O63) -> 1 | V63: =+IF(P63=0,0,$S63/P63) -> 1 | W63: =+IF(R63=0,0,$S63/R63) -> 1
B64: 2.3.4.2 | C64: БАГЦ-7.2 | D64: Үерийн болон гадаргуугийн ус зайлуулах системийн ажил | E64: 0 | F64: =E64/$E$62 -> 0 | G64: =+F64*G62 -> 0 | N64: 1 | O64: 1 | P64: 1 | Q64: 0 | R64: 0 | S64: 0 | T64: =+IF(N64=0,0,$S64/N64) -> 0 | U64: =+IF(O64=0,0,$S64/O64) -> 0 | V64: =+IF(P64=0,0,$S64/P64) -> 0 | W64: =+IF(R64=0,0,$S64/R64) -> 0
B65: 2.3.3.1 | C65: Багц-8 | D65: 110кв дэд станц, ЦДАШ | E65: 323040989 | F65: =E65/$E$62 -> 0.0592154 | G65: =+F65*G56 -> 7.1903402e-05 | N65: 1 | O65: 1 | P65: 1 | Q65: 1 | R65: 1 | S65: 1 | T65: =+IF(N65=0,0,$S65/N65) -> 1 | U65: =+IF(O65=0,0,$S65/O65) -> 1 | V65: =+IF(P65=0,0,$S65/P65) -> 1 | W65: =+IF(R65=0,0,$S65/R65) -> 1
B66: 2.3.3.1 | C66: Багц-9.1 | D66: Дамбадаржаа 63 мВт-ийн станцын өргөтгөлийн ТЭЗҮ, техникийн зураг төсөл боловсруулах | E66: 1500000000 | F66: =E66/$E$62 -> 0.27495923 | G66: =+F66*G57 -> 0.00016693562 | N66: 1 | O66: 1 | P66: 1 | Q66: 0 | R66: 0 | S66: 0 | T66: =+IF(N66=0,0,$S66/N66) -> 0 | U66: =+IF(O66=0,0,$S66/O66) -> 0 | V66: =+IF(P66=0,0,$S66/P66) -> 0 | W66: =+IF(R66=0,0,$S66/R66) -> 0
B67: 2.3.3.1 | C67: Багц-9.2 | D67: Дамбадаржаа дулааны станцаас өргөтгөх 1 дүгээр хэлхээний зураг төсөл | E67: 327313300 | F67: =E67/$E$62 -> 0.059998541 | G67: =+F67*G58 -> 1.1836277e-05 | N67: 1 | O67: 1 | P67: 1 | Q67: 0 | R67: 0 | S67: 0 | T67: =+IF(N67=0,0,$S67/N67) -> 0 | U67: =+IF(O67=0,0,$S67/O67) -> 0 | V67: =+IF(P67=0,0,$S67/P67) -> 0 | W67: =+IF(R67=0,0,$S67/R67) -> 0
B68: 2.3.3.1 | C68: Багц 18 | D68: Төслийн иж бүрэн авто замын зураг төсөл | E68: 0 | F68: =E68/$E$62 -> 0 | G68: =+F68*G59 -> 0 | N68: 1 | O68: 1 | P68: 1 | Q68: 0 | R68: 0 | S68: 0 | T68: =+IF(N68=0,0,$S68/N68) -> 0 | U68: =+IF(O68=0,0,$S68/O68) -> 0 | V68: =+IF(P68=0,0,$S68/P68) -> 0 | W68: =+IF(R68=0,0,$S68/R68) -> 0
B69: 2.3.3.1 | C69: Багц 1–6, 8–17 | D69: «Сэлбэ ухаалаг хот» эдийн засгийн тусгай бүс болохтой холбогдуулан ТЭЗҮ, барилгажилтын төслийг шинэчлэх | E69: 2800000000 | F69: =E69/$E$62 -> 0.51325722 | G69: =+F69*G60 -> 9.0328797e-05 | N69: 1 | O69: 1 | P69: 1 | Q69: 1 | R69: 1 | S69: 1 | T69: =+IF(N69=0,0,$S69/N69) -> 1 | U69: =+IF(O69=0,0,$S69/O69) -> 1 | V69: =+IF(P69=0,0,$S69/P69) -> 1 | W69: =+IF(R69=0,0,$S69/R69) -> 1
B70: 2.4 | C70: Багц 19,20 | D70: НИЙГМИЙН ДЭД БҮТЭЦ (Нийслэл төсөв) | F70: =F891 -> 0.07087694 | G70: =+F70*G9 -> 0.007087694 | N70: =+SUMPRODUCT($F71:$F82,N71:N82) -> 0 | O70: =+SUMPRODUCT($F71:$F82,O71:O82) -> 0 | P70: =+SUMPRODUCT($F71:$F82,P71:P82) -> 0 | Q70: =+SUMPRODUCT($F71:$F82,Q71:Q82) -> 0.091696347 | R70: =+SUMPRODUCT($F71:$F82,R71:R82) -> 0.091696347 | S70: =+SUMPRODUCT($F71:$F82,S71:S82) -> 0.091696347 | T70: =+IF(N70=0,0,$S70/N70) -> 0 | U70: =+IF(O70=0,0,$S70/O70) -> 0 | V70: =+IF(P70=0,0,$S70/P70) -> 0 | W70: =+IF(R70=0,0,$S70/R70) -> 1
B71: 2.4.1 | C71: БАГЦ - 19.1 | D71: 960 хүүхдийн сургууль | F71: =F892 -> 0.11462043 | G71: =+F71*G70 -> 0.00081239456 | N71: 0 | O71: 0 | P71: 0 | Q71: 0.8 | R71: 0.8 | S71: 0.8 | T71: =+IF(N71=0,0,$S71/N71) -> 0 | U71: =+IF(O71=0,0,$S71/O71) -> 0 | V71: =+IF(P71=0,0,$S71/P71) -> 0 | W71: =+IF(R71=0,0,$S71/R71) -> 1
B72: 2.4.2 | C72: БАГЦ - 19.2 | D72: 1,560 хүүхдийн сургууль | F72: =F893 -> 0.16914444 | G72: =+F72*G70 -> 0.001198844 | N72: 0 | O72: 0 | P72: 0 | Q72: 0 | R72: 0 | S72: 0 | T72: =+IF(N72=0,0,$S72/N72) -> 0 | U72: =+IF(O72=0,0,$S72/O72) -> 0 | V72: =+IF(P72=0,0,$S72/P72) -> 0 | W72: =+IF(R72=0,0,$S72/R72) -> 0
B73: 2.4.3 | C73: БАГЦ - 19.3 | D73: 1,260 хүүхдийн сургууль | F73: =F894 -> 0.15393683 | G73: =+F73*G70 -> 0.0010910571 | N73: 0 | O73: 0 | P73: 0 | Q73: 0 | R73: 0 | S73: 0 | T73: =+IF(N73=0,0,$S73/N73) -> 0 | U73: =+IF(O73=0,0,$S73/O73) -> 0 | V73: =+IF(P73=0,0,$S73/P73) -> 0 | W73: =+IF(R73=0,0,$S73/R73) -> 0
B74: 2.4.4 | C74: БАГЦ - 20.1 | D74: 240 хүүхдийн цэцэрлэг | F74: =F895 -> 0.039190488 | G74: =+F74*G70 -> 0.00027777018 | N74: 0 | O74: 0 | P74: 0 | Q74: 0 | R74: 0 | S74: 0 | T74: =+IF(N74=0,0,$S74/N74) -> 0 | U74: =+IF(O74=0,0,$S74/O74) -> 0 | V74: =+IF(P74=0,0,$S74/P74) -> 0 | W74: =+IF(R74=0,0,$S74/R74) -> 0
B75: 2.4.5 | C75: БАГЦ - 20.2 | D75: 240 хүүхдийн цэцэрлэг | F75: =F896 -> 0.039190488 | G75: =+F75*G70 -> 0.00027777018 | N75: 0 | O75: 0 | P75: 0 | Q75: 0 | R75: 0 | S75: 0 | T75: =+IF(N75=0,0,$S75/N75) -> 0 | U75: =+IF(O75=0,0,$S75/O75) -> 0 | V75: =+IF(P75=0,0,$S75/P75) -> 0 | W75: =+IF(R75=0,0,$S75/R75) -> 0
B76: 2.4.6 | C76: БАГЦ - 20.3 | D76: 240 хүүхдийн цэцэрлэг | F76: =F897 -> 0.039190488 | G76: =+F76*G70 -> 0.00027777018 | N76: 0 | O76: 0 | P76: 0 | Q76: 0 | R76: 0 | S76: 0 | T76: =+IF(N76=0,0,$S76/N76) -> 0 | U76: =+IF(O76=0,0,$S76/O76) -> 0 | V76: =+IF(P76=0,0,$S76/P76) -> 0 | W76: =+IF(R76=0,0,$S76/R76) -> 0
B77: 2.4.7 | C77: БАГЦ - 20.4 | D77: 240 хүүхдийн цэцэрлэг | F77: =F898 -> 0.039190488 | G77: =+F77*G70 -> 0.00027777018 | N77: 0 | O77: 0 | P77: 0 | Q77: 0 | R77: 0 | S77: 0 | T77: =+IF(N77=0,0,$S77/N77) -> 0 | U77: =+IF(O77=0,0,$S77/O77) -> 0 | V77: =+IF(P77=0,0,$S77/P77) -> 0 | W77: =+IF(R77=0,0,$S77/R77) -> 0
B78: 2.4.8 | C78: БАГЦ - 20.5 | D78: 240 хүүхдийн цэцэрлэг | F78: =F899 -> 0.039190488 | G78: =+F78*G70 -> 0.00027777018 | N78: 0 | O78: 0 | P78: 0 | Q78: 0 | R78: 0 | S78: 0 | T78: =+IF(N78=0,0,$S78/N78) -> 0 | U78: =+IF(O78=0,0,$S78/O78) -> 0 | V78: =+IF(P78=0,0,$S78/P78) -> 0 | W78: =+IF(R78=0,0,$S78/R78) -> 0
B79: 2.4.9 | C79: БАГЦ - 20.6 | D79: Цагдаагийн байр | F79: =F900 -> 0.040894422 | G79: =+F79*G70 -> 0.00028984715 | N79: 0 | O79: 0 | P79: 0 | Q79: 0 | R79: 0 | S79: 0 | T79: =+IF(N79=0,0,$S79/N79) -> 0 | U79: =+IF(O79=0,0,$S79/O79) -> 0 | V79: =+IF(P79=0,0,$S79/P79) -> 0 | W79: =+IF(R79=0,0,$S79/R79) -> 0
B80: 2.4.10 | C80: БАГЦ - 20.7 | D80: Өрхийн эмнэлэг | F80: =F901 -> 0.13120294 | G80: =+F80*G70 -> 0.00092992627 | N80: 0 | O80: 0 | P80: 0 | Q80: 0 | R80: 0 | S80: 0 | T80: =+IF(N80=0,0,$S80/N80) -> 0 | U80: =+IF(O80=0,0,$S80/O80) -> 0 | V80: =+IF(P80=0,0,$S80/P80) -> 0 | W80: =+IF(R80=0,0,$S80/R80) -> 0
B81: 2.4.11 | C81: БАГЦ - 20.8 | D81: Сэлбэ цамхаг | F81: =F902 -> 0.17039342 | G81: =+F81*G70 -> 0.0012076964 | N81: 0 | O81: 0 | P81: 0 | Q81: 0 | R81: 0 | S81: 0 | T81: =+IF(N81=0,0,$S81/N81) -> 0 | U81: =+IF(O81=0,0,$S81/O81) -> 0 | V81: =+IF(P81=0,0,$S81/P81) -> 0 | W81: =+IF(R81=0,0,$S81/R81) -> 0
B82: 2.4.12 | C82: БАГЦ - 20.9 | D82: Сэлбэ эко ривэр фронт | F82: =F903 -> 0.023855079 | G82: =+F82*G70 -> 0.0001690775 | N82: 0 | O82: 0 | P82: 0 | Q82: 0 | R82: 0 | S82: 0 | T82: =+IF(N82=0,0,$S82/N82) -> 0 | U82: =+IF(O82=0,0,$S82/O82) -> 0 | V82: =+IF(P82=0,0,$S82/P82) -> 0 | W82: =+IF(R82=0,0,$S82/R82) -> 0
B83: 3 | D83: Газар чөлөөлөлт | G83: 0.03 | H83: 45932 | I83: 46047 | N83: =+($F84*N84+$F206*N206+$F222*N222) -> 1 | O83: =+($F84*O84+$F206*O206+$F222*O222) -> 1 | P83: =+($F84*P84+$F206*P206+$F222*P222) -> 1 | Q83: 0.93 | R83: 0.93 | S83: 0.93 | T83: =+IF(N83=0,0,$S83/N83) -> 0.93 | U83: =+IF(O83=0,0,$S83/O83) -> 0.93 | V83: =+IF(P83=0,0,$S83/P83) -> 0.93 | W83: =+IF(R83=0,0,$S83/R83) -> 1
B84: 3.1 | D84: Орон сууцны хороолол барилга угсралт | F84: =F719 -> 0.78107172 | G84: =+F84*G83 -> 0.023432151 | N84: =+$F85*N85+$F106*N106+$F133*N133+$F145*N145+$F158*N158+$F173*N173+$F191*N191 -> 1 | O84: =+$F85*O85+$F106*O106+$F133*O133+$F145*O145+$F158*O158+$F173*O173+$F191*O191 -> 1 | P84: =+$F85*P85+$F106*P106+$F133*P133+$F145*P145+$F158*P158+$F173*P173+$F191*P191 -> 1 | Q84: =+$F85*Q85+$F106*Q106+$F133*Q133+$F145*Q145+$F158*Q158+$F173*Q173+$F191*Q191 -> 0.96197183 | R84: =+$F85*R85+$F106*R106+$F133*R133+$F145*R145+$F158*R158+$F173*R173+$F191*R191 -> 0.96197183 | S84: =+$F85*S85+$F106*S106+$F133*S133+$F145*S145+$F158*S158+$F173*S173+$F191*S191 -> 0.96197183 | T84: =+IF(N84=0,0,$S84/N84) -> 0.96197183 | U84: =+IF(O84=0,0,$S84/O84) -> 0.96197183 | V84: =+IF(P84=0,0,$S84/P84) -> 0.96197183 | W84: =+IF(R84=0,0,$S84/R84) -> 1
B85: 3.1.1 | C85: Багц-1 | D85: Орон сууцны хороолол барилга угсралт | F85: 0.20095297 | G85: =+F85*G84 -> 0.0047087603 | N85: =+SUMPRODUCT($F86:$F105,N86:N105) -> 1 | O85: =+SUMPRODUCT($F86:$F105,O86:O105) -> 1 | P85: =+SUMPRODUCT($F86:$F105,P86:P105) -> 1 | Q85: =+SUMPRODUCT($F86:$F105,Q86:Q105) -> 0.85270909 | R85: =+SUMPRODUCT($F86:$F105,R86:R105) -> 0.85270909 | S85: =+SUMPRODUCT($F86:$F105,S86:S105) -> 0.85270909 | T85: =+IF(N85=0,0,$S85/N85) -> 0.85270909 | U85: =+IF(O85=0,0,$S85/O85) -> 0.85270909 | V85: =+IF(P85=0,0,$S85/P85) -> 0.85270909 | W85: =+IF(R85=0,0,$S85/R85) -> 1
B86: 3.1.1.1 | C86: 5/1 | D86: 9 давхар 71 айлын орон сууцны барилга | F86: =F721 -> 0.044581817 | G86: =+F86*G85 -> 0.00020992509 | N86: 1 | O86: 1 | P86: 1 | Q86: 1 | R86: 1 | S86: 1 | T86: =+IF(N86=0,0,$S86/N86) -> 1 | U86: =+IF(O86=0,0,$S86/O86) -> 1 | V86: =+IF(P86=0,0,$S86/P86) -> 1 | W86: =+IF(R86=0,0,$S86/R86) -> 1
B87: 3.1.1.2 | C87: 5/2 | D87: 9 давхар 71 айлын орон сууцны барилга | F87: =F722 -> 0.044581817 | G87: =+F87*G85 -> 0.00020992509 | N87: 1 | O87: 1 | P87: 1 | Q87: 1 | R87: 1 | S87: 1 | T87: =+IF(N87=0,0,$S87/N87) -> 1 | U87: =+IF(O87=0,0,$S87/O87) -> 1 | V87: =+IF(P87=0,0,$S87/P87) -> 1 | W87: =+IF(R87=0,0,$S87/R87) -> 1
B88: 3.1.1.3 | C88: 5/3 | D88: 9 давхар 71 айлын орон сууцны барилга | F88: =F723 -> 0.044581817 | G88: =+F88*G85 -> 0.00020992509 | N88: 1 | O88: 1 | P88: 1 | Q88: 1 | R88: 1 | S88: 1 | T88: =+IF(N88=0,0,$S88/N88) -> 1 | U88: =+IF(O88=0,0,$S88/O88) -> 1 | V88: =+IF(P88=0,0,$S88/P88) -> 1 | W88: =+IF(R88=0,0,$S88/R88) -> 1
B89: 3.1.1.4 | C89: 5/4 | D89: 9 давхар 71 айлын орон сууцны барилга | F89: =F724 -> 0.044581817 | G89: =+F89*G85 -> 0.00020992509 | N89: 1 | O89: 1 | P89: 1 | Q89: 1 | R89: 1 | S89: 1 | T89: =+IF(N89=0,0,$S89/N89) -> 1 | U89: =+IF(O89=0,0,$S89/O89) -> 1 | V89: =+IF(P89=0,0,$S89/P89) -> 1 | W89: =+IF(R89=0,0,$S89/R89) -> 1
B90: 3.1.1.5 | C90: 5/5 | D90: 9 давхар 71 айлын орон сууцны барилга | F90: =F725 -> 0.044581817 | G90: =+F90*G85 -> 0.00020992509 | N90: 1 | O90: 1 | P90: 1 | Q90: 1 | R90: 1 | S90: 1 | T90: =+IF(N90=0,0,$S90/N90) -> 1 | U90: =+IF(O90=0,0,$S90/O90) -> 1 | V90: =+IF(P90=0,0,$S90/P90) -> 1 | W90: =+IF(R90=0,0,$S90/R90) -> 1
B91: 3.1.1.6 | C91: 5/6 | D91: 9 давхар 71 айлын орон сууцны барилга | F91: =F726 -> 0.044581817 | G91: =+F91*G85 -> 0.00020992509 | N91: 1 | O91: 1 | P91: 1 | Q91: 1 | R91: 1 | S91: 1 | T91: =+IF(N91=0,0,$S91/N91) -> 1 | U91: =+IF(O91=0,0,$S91/O91) -> 1 | V91: =+IF(P91=0,0,$S91/P91) -> 1 | W91: =+IF(R91=0,0,$S91/R91) -> 1
B92: 3.1.1.7 | C92: 5/7 | D92: 9 давхар 71 айлын орон сууцны барилга | F92: =F727 -> 0.044581817 | G92: =+F92*G85 -> 0.00020992509 | N92: 1 | O92: 1 | P92: 1 | Q92: 0 | R92: 0 | S92: 0 | T92: =+IF(N92=0,0,$S92/N92) -> 0 | U92: =+IF(O92=0,0,$S92/O92) -> 0 | V92: =+IF(P92=0,0,$S92/P92) -> 0 | W92: =+IF(R92=0,0,$S92/R92) -> 0
B93: 3.1.1.8 | C93: 5/8 | D93: 9 давхар 71 айлын орон сууцны барилга | F93: =F728 -> 0.044581817 | G93: =+F93*G85 -> 0.00020992509 | N93: 1 | O93: 1 | P93: 1 | Q93: 1 | R93: 1 | S93: 1 | T93: =+IF(N93=0,0,$S93/N93) -> 1 | U93: =+IF(O93=0,0,$S93/O93) -> 1 | V93: =+IF(P93=0,0,$S93/P93) -> 1 | W93: =+IF(R93=0,0,$S93/R93) -> 1
B94: 3.1.1.9 | C94: 5/9 | D94: 9 давхар 71 айлын орон сууцны барилга | F94: =F729 -> 0.044581817 | G94: =+F94*G85 -> 0.00020992509 | N94: 1 | O94: 1 | P94: 1 | Q94: 1 | R94: 1 | S94: 1 | T94: =+IF(N94=0,0,$S94/N94) -> 1 | U94: =+IF(O94=0,0,$S94/O94) -> 1 | V94: =+IF(P94=0,0,$S94/P94) -> 1 | W94: =+IF(R94=0,0,$S94/R94) -> 1
B95: 3.1.1.10 | C95: 5/10 | D95: 9 давхар 71 айлын орон сууцны барилга | F95: =F730 -> 0.044581817 | G95: =+F95*G85 -> 0.00020992509 | N95: 1 | O95: 1 | P95: 1 | Q95: 1 | R95: 1 | S95: 1 | T95: =+IF(N95=0,0,$S95/N95) -> 1 | U95: =+IF(O95=0,0,$S95/O95) -> 1 | V95: =+IF(P95=0,0,$S95/P95) -> 1 | W95: =+IF(R95=0,0,$S95/R95) -> 1
B96: 3.1.1.11 | C96: 5/11 | D96: 9 давхар 71 айлын орон сууцны барилга | F96: =F731 -> 0.044581817 | G96: =+F96*G85 -> 0.00020992509 | N96: 1 | O96: 1 | P96: 1 | Q96: 1 | R96: 1 | S96: 1 | T96: =+IF(N96=0,0,$S96/N96) -> 1 | U96: =+IF(O96=0,0,$S96/O96) -> 1 | V96: =+IF(P96=0,0,$S96/P96) -> 1 | W96: =+IF(R96=0,0,$S96/R96) -> 1
B97: 3.1.1.12 | C97: 5/12 | D97: 9 давхар 71 айлын орон сууцны барилга | F97: =F732 -> 0.044581817 | G97: =+F97*G85 -> 0.00020992509 | N97: 1 | O97: 1 | P97: 1 | Q97: 0 | R97: 0 | S97: 0 | T97: =+IF(N97=0,0,$S97/N97) -> 0 | U97: =+IF(O97=0,0,$S97/O97) -> 0 | V97: =+IF(P97=0,0,$S97/P97) -> 0 | W97: =+IF(R97=0,0,$S97/R97) -> 0
B98: 3.1.1.13 | C98: 29/1 | D98: 12 давхар 117 айлын орон сууцны барилга | F98: =F733 -> 0.058127274 | G98: =+F98*G85 -> 0.0002737074 | N98: 1 | O98: 1 | P98: 1 | Q98: 1 | R98: 1 | S98: 1 | T98: =+IF(N98=0,0,$S98/N98) -> 1 | U98: =+IF(O98=0,0,$S98/O98) -> 1 | V98: =+IF(P98=0,0,$S98/P98) -> 1 | W98: =+IF(R98=0,0,$S98/R98) -> 1
B99: 3.1.1.14 | C99: 29/2 | D99: 12 давхар 117 айлын орон сууцны барилга | F99: =F734 -> 0.058127274 | G99: =+F99*G85 -> 0.0002737074 | N99: 1 | O99: 1 | P99: 1 | Q99: 1 | R99: 1 | S99: 1 | T99: =+IF(N99=0,0,$S99/N99) -> 1 | U99: =+IF(O99=0,0,$S99/O99) -> 1 | V99: =+IF(P99=0,0,$S99/P99) -> 1 | W99: =+IF(R99=0,0,$S99/R99) -> 1
B100: 3.1.1.15 | C100: 29/3 | D100: 12 давхар 117 айлын орон сууцны барилга | F100: =F735 -> 0.058127274 | G100: =+F100*G85 -> 0.0002737074 | N100: 1 | O100: 1 | P100: 1 | Q100: 1 | R100: 1 | S100: 1 | T100: =+IF(N100=0,0,$S100/N100) -> 1 | U100: =+IF(O100=0,0,$S100/O100) -> 1 | V100: =+IF(P100=0,0,$S100/P100) -> 1 | W100: =+IF(R100=0,0,$S100/R100) -> 1
B101: 3.1.1.16 | C101: 29/4 | D101: 12 давхар 117 айлын орон сууцны барилга | F101: =F736 -> 0.058127274 | G101: =+F101*G85 -> 0.0002737074 | N101: 1 | O101: 1 | P101: 1 | Q101: 1 | R101: 1 | S101: 1 | T101: =+IF(N101=0,0,$S101/N101) -> 1 | U101: =+IF(O101=0,0,$S101/O101) -> 1 | V101: =+IF(P101=0,0,$S101/P101) -> 1 | W101: =+IF(R101=0,0,$S101/R101) -> 1
...

Sheet Барилга угсралт дүгнэлт
A1: БАРИЛГА УГСРАЛТ - ОРОН СУУЦНЫ БАГЦУУДЫН ДҮГНЭЛТ
A2: Эх сурвалж: Level 4 (Төмөр бетон рамын ажил - давхар бүрийн цутгалтын бодит гүйцэтгэл; Багц-3.2 нь Талбайн мэдээллийн самбараар шинэчлэгдсэн). Давхрын гүйцэтгэл 0%-аас их бол тухайн давхрын цутгалтыг 'эхэлсэн' гэж, 100% бол 'цутгасан' гэж тооцсон. Бүх давхарт ижил хувь орсон блокийг давхрын задаргаагүй гэж тусад нь ангилав. Огноо: 2026-10-05
A4: 1. БҮХ БАГЦУУДЫН ЕРӨНХИЙ ГҮЙЦЭТГЭЛ
A5: Багц | B5: Нийт блок | C5: Техник давхар дууссан блок | D5: Угсралт эхэлсэн блок (давхраар болон блокийн хувиар) | E5: Угсралт эхлээгүй блок | F5: Эхлээгүй блокууд (дугаар) | G5: Төлөвлөгөөний биелэлт (Next week) | H5: Гүйцэтгэлийн хувь | I5: Дэлгэрэнгүй
A6: Багц-1 | B6: =COUNTA(A69:A88) -> 20 | C6: =COUNTIFS(F69:F88,"Дууссан") -> 14 | D6: =COUNTIFS(D69:D88,">0")+COUNTIFS(G69:G88,"Блокийн*") -> 19 | E6: =COUNTIFS(G69:G88,"Эхлээгүй") -> 1 | F6: {=IF(E6=0,"-",_xlfn.TEXTJOIN(", ",TRUE,IF(G69:G88="Эхлээгүй",A69:A88,"")))} -> 5/8 | G6: ='Төсөл төлөвлөгөө биелэлт'!Q720 -> 0.2868 | H6: ='Төсөл төлөвлөгөө биелэлт'!S720 -> 0.2823 | I6: 17-р мөрөөс
A7: Багц-2 | B7: =COUNTA(A101:A126) -> 26 | C7: =COUNTIFS(F101:F126,"Дууссан") -> 25 | D7: =COUNTIFS(D101:D126,">0")+COUNTIFS(G101:G126,"Блокийн*") -> 26 | E7: =COUNTIFS(G101:G126,"Эхлээгүй") -> 0 | F7: {=IF(E7=0,"-",_xlfn.TEXTJOIN(", ",TRUE,IF(G101:G126="Эхлээгүй",A101:A126,"")))} -> - | G7: ='Төсөл төлөвлөгөө биелэлт'!Q741 -> 0.317 | H7: ='Төсөл төлөвлөгөө биелэлт'!S741 -> 0.3153 | I7: 54-р мөрөөс
A8: Багц-3.1 | B8: =COUNTA(A138:A148) -> 11 | C8: =COUNTIFS(F138:F148,"Дууссан") -> 0 | D8: =COUNTIFS(D138:D148,">0")+COUNTIFS(G138:G148,"Блокийн*") -> 0 | E8: =COUNTIFS(G138:G148,"Эхлээгүй") -> 11 | F8: {=IF(E8=0,"-",_xlfn.TEXTJOIN(", ",TRUE,IF(G138:G148="Эхлээгүй",A138:A148,"")))} -> 5/1, 5/2, 5/3, 5/4, 5/5, 5/6, 5/7, 5/8, 5/9, 5/10, 5/11 | G8: ='Төсөл төлөвлөгөө биелэлт'!Q768 -> 0.007 | H8: ='Төсөл төлөвлөгөө биелэлт'!S768 -> 0.007 | I8: 92-р мөрөөс
A9: Багц-3.2 | B9: =COUNTA(A163:A174) -> 12 | C9: =COUNTIFS(F163:F174,"Дууссан") -> 9 | D9: =COUNTIFS(D163:D174,">0")+COUNTIFS(G163:G174,"Блокийн*") -> 11 | E9: =COUNTIFS(G163:G174,"Эхлээгүй") -> 1 | F9: {=IF(E9=0,"-",_xlfn.TEXTJOIN(", ",TRUE,IF(G163:G174="Эхлээгүй",A163:A174,"")))} -> 5/1 | G9: ='Төсөл төлөвлөгөө биелэлт'!Q780 -> 0.3096 | H9: ='Төсөл төлөвлөгөө биелэлт'!S780 -> 0.3032 | I9: 114-р мөрөөс
A10: Багц-3.3 | B10: =COUNTA(A188:A201) -> 14 | C10: =COUNTIFS(F188:F201,"Дууссан") -> 9 | D10: =COUNTIFS(D188:D201,">0")+COUNTIFS(G188:G201,"Блокийн*") -> 12 | E10: =COUNTIFS(G188:G201,"Эхлээгүй") -> 2 | F10: {=IF(E10=0,"-",_xlfn.TEXTJOIN(", ",TRUE,IF(G188:G201="Эхлээгүй",A188:A201,"")))} -> 5/9, 5/10 | G10: ='Төсөл төлөвлөгөө биелэлт'!Q793 -> 0.3124 | H10: ='Төсөл төлөвлөгөө биелэлт'!S793 -> 0.3015 | I10: 140-р мөрөөс
A11: Багц-4.1 | B11: =COUNTA(A213:A228) -> 16 | C11: =COUNTIFS(F213:F228,"Дууссан") -> 0 | D11: =COUNTIFS(D213:D228,">0")+COUNTIFS(G213:G228,"Блокийн*") -> 16 | E11: =COUNTIFS(G213:G228,"Эхлээгүй") -> 0 | F11: {=IF(E11=0,"-",_xlfn.TEXTJOIN(", ",TRUE,IF(G213:G228="Эхлээгүй",A213:A228,"")))} -> - | G11: ='Төсөл төлөвлөгөө биелэлт'!Q808 -> 0.3262 | H11: ='Төсөл төлөвлөгөө биелэлт'!S808 -> 0.3204 | I11: 167-р мөрөөс
A12: Багц-4.2 | B12: =COUNTA(A241:A254) -> 14 | C12: =COUNTIFS(F241:F254,"Дууссан") -> 0 | D12: =COUNTIFS(D241:D254,">0")+COUNTIFS(G241:G254,"Блокийн*") -> 9 | E12: =COUNTIFS(G241:G254,"Эхлээгүй") -> 5 | F12: {=IF(E12=0,"-",_xlfn.TEXTJOIN(", ",TRUE,IF(G241:G254="Эхлээгүй",A241:A254,"")))} -> 5/2, 6/5, 6/6, 6/7, 6/8 | G12: ='Төсөл төлөвлөгөө биелэлт'!Q826 -> 0.0906 | H12: ='Төсөл төлөвлөгөө биелэлт'!S826 -> 0.072 | I12: 194-р мөрөөс
A13: Барилга угсралт (нийт) | B13: =SUM(B6:B12) -> 113 | C13: =SUM(C6:C12) -> 57 | D13: =SUM(D6:D12) -> 93 | E13: =SUM(E6:E12) -> 20 | F13: - | G13: ='Төсөл төлөвлөгөө биелэлт'!Q528 -> 0.26491764 | H13: 0.27844947
A15: ДАВХРУУДЫН НЭГТГЭЛ: Төслийн блокууд хэдэн давхарт явж байгаа (блокийн тоогоор)
A16: Блок бүрийн давхар = цутгалт эхэлсэн хамгийн дээд давхар. 'Техник давхар дууссан' гэдэгт каркас бүрэн дууссан блок орно.
A17: 1) 12 давхар барилга (1-12F)
A18: Давхар (блок хүрсэн шат) | B18: Багц-1 | C18: Багц-2 | D18: Багц-4.2 | E18: Нийт блок
A19: Угсралт эхлээгүй | B19: =COUNTIFS($G$69:$G$88,"Эхлээгүй",$C$69:$C$88,12) -> 0 | C19: =COUNTIFS($G$101:$G$126,"Эхлээгүй",$C$101:$C$126,12) -> 0 | D19: =COUNTIFS($G$241:$G$254,"Эхлээгүй",$C$241:$C$254,12) -> 4 | E19: =SUM(B19:D19) -> 4
A20: Зөвхөн зоорь/суурь (давхар цутгалт эхлээгүй) | B20: =COUNTIFS($G$69:$G$88,"Зоорь*",$C$69:$C$88,12)+COUNTIFS($G$69:$G$88,"Зөвхөн*",$C$69:$C$88,12) -> 0 | C20: =COUNTIFS($G$101:$G$126,"Зоорь*",$C$101:$C$126,12)+COUNTIFS($G$101:$G$126,"Зөвхөн*",$C$101:$C$126,12) -> 0 | D20: =COUNTIFS($G$241:$G$254,"Зоорь*",$C$241:$C$254,12)+COUNTIFS($G$241:$G$254,"Зөвхөн*",$C$241:$C$254,12) -> 0 | E20: =SUM(B20:D20) -> 0
A21: 1F-д явж байгаа | B21: =COUNTIFS($D$69:$D$88,1,$F$69:$F$88,"Хийгдээгүй",$C$69:$C$88,12) -> 0 | C21: =COUNTIFS($D$101:$D$126,1,$F$101:$F$126,"Хийгдээгүй",$C$101:$C$126,12) -> 0 | D21: =COUNTIFS($D$241:$D$254,1,$F$241:$F$254,"Хийгдээгүй",$C$241:$C$254,12) -> 0 | E21: =SUM(B21:D21) -> 0
A22: 2F-д явж байгаа | B22: =COUNTIFS($D$69:$D$88,2,$F$69:$F$88,"Хийгдээгүй",$C$69:$C$88,12) -> 0 | C22: =COUNTIFS($D$101:$D$126,2,$F$101:$F$126,"Хийгдээгүй",$C$101:$C$126,12) -> 0 | D22: =COUNTIFS($D$241:$D$254,2,$F$241:$F$254,"Хийгдээгүй",$C$241:$C$254,12) -> 0 | E22: =SUM(B22:D22) -> 0
A23: 3F-д явж байгаа | B23: =COUNTIFS($D$69:$D$88,3,$F$69:$F$88,"Хийгдээгүй",$C$69:$C$88,12) -> 0 | C23: =COUNTIFS($D$101:$D$126,3,$F$101:$F$126,"Хийгдээгүй",$C$101:$C$126,12) -> 0 | D23: =COUNTIFS($D$241:$D$254,3,$F$241:$F$254,"Хийгдээгүй",$C$241:$C$254,12) -> 0 | E23: =SUM(B23:D23) -> 0
A24: 4F-д явж байгаа | B24: =COUNTIFS($D$69:$D$88,4,$F$69:$F$88,"Хийгдээгүй",$C$69:$C$88,12) -> 0 | C24: =COUNTIFS($D$101:$D$126,4,$F$101:$F$126,"Хийгдээгүй",$C$101:$C$126,12) -> 0 | D24: =COUNTIFS($D$241:$D$254,4,$F$241:$F$254,"Хийгдээгүй",$C$241:$C$254,12) -> 0 | E24: =SUM(B24:D24) -> 0
A25: 5F-д явж байгаа | B25: =COUNTIFS($D$69:$D$88,5,$F$69:$F$88,"Хийгдээгүй",$C$69:$C$88,12) -> 0 | C25: =COUNTIFS($D$101:$D$126,5,$F$101:$F$126,"Хийгдээгүй",$C$101:$C$126,12) -> 0 | D25: =COUNTIFS($D$241:$D$254,5,$F$241:$F$254,"Хийгдээгүй",$C$241:$C$254,12) -> 0 | E25: =SUM(B25:D25) -> 0
A26: 6F-д явж байгаа | B26: =COUNTIFS($D$69:$D$88,6,$F$69:$F$88,"Хийгдээгүй",$C$69:$C$88,12) -> 1 | C26: =COUNTIFS($D$101:$D$126,6,$F$101:$F$126,"Хийгдээгүй",$C$101:$C$126,12) -> 0 | D26: =COUNTIFS($D$241:$D$254,6,$F$241:$F$254,"Хийгдээгүй",$C$241:$C$254,12) -> 0 | E26: =SUM(B26:D26) -> 1
A27: 7F-д явж байгаа | B27: =COUNTIFS($D$69:$D$88,7,$F$69:$F$88,"Хийгдээгүй",$C$69:$C$88,12) -> 0 | C27: =COUNTIFS($D$101:$D$126,7,$F$101:$F$126,"Хийгдээгүй",$C$101:$C$126,12) -> 0 | D27: =COUNTIFS($D$241:$D$254,7,$F$241:$F$254,"Хийгдээгүй",$C$241:$C$254,12) -> 0 | E27: =SUM(B27:D27) -> 0
A28: 8F-д явж байгаа | B28: =COUNTIFS($D$69:$D$88,8,$F$69:$F$88,"Хийгдээгүй",$C$69:$C$88,12) -> 0 | C28: =COUNTIFS($D$101:$D$126,8,$F$101:$F$126,"Хийгдээгүй",$C$101:$C$126,12) -> 0 | D28: =COUNTIFS($D$241:$D$254,8,$F$241:$F$254,"Хийгдээгүй",$C$241:$C$254,12) -> 0 | E28: =SUM(B28:D28) -> 0
A29: 9F-д явж байгаа | B29: =COUNTIFS($D$69:$D$88,9,$F$69:$F$88,"Хийгдээгүй",$C$69:$C$88,12) -> 0 | C29: =COUNTIFS($D$101:$D$126,9,$F$101:$F$126,"Хийгдээгүй",$C$101:$C$126,12) -> 0 | D29: =COUNTIFS($D$241:$D$254,9,$F$241:$F$254,"Хийгдээгүй",$C$241:$C$254,12) -> 0 | E29: =SUM(B29:D29) -> 0
A30: 10F-д явж байгаа | B30: =COUNTIFS($D$69:$D$88,10,$F$69:$F$88,"Хийгдээгүй",$C$69:$C$88,12) -> 1 | C30: =COUNTIFS($D$101:$D$126,10,$F$101:$F$126,"Хийгдээгүй",$C$101:$C$126,12) -> 0 | D30: =COUNTIFS($D$241:$D$254,10,$F$241:$F$254,"Хийгдээгүй",$C$241:$C$254,12) -> 0 | E30: =SUM(B30:D30) -> 1
A31: 11F-д явж байгаа | B31: =COUNTIFS($D$69:$D$88,11,$F$69:$F$88,"Хийгдээгүй",$C$69:$C$88,12) -> 1 | C31: =COUNTIFS($D$101:$D$126,11,$F$101:$F$126,"Хийгдээгүй",$C$101:$C$126,12) -> 0 | D31: =COUNTIFS($D$241:$D$254,11,$F$241:$F$254,"Хийгдээгүй",$C$241:$C$254,12) -> 0 | E31: =SUM(B31:D31) -> 1
A32: 12F-д явж байгаа | B32: =COUNTIFS($D$69:$D$88,12,$F$69:$F$88,"Хийгдээгүй",$C$69:$C$88,12) -> 0 | C32: =COUNTIFS($D$101:$D$126,12,$F$101:$F$126,"Хийгдээгүй",$C$101:$C$126,12) -> 0 | D32: =COUNTIFS($D$241:$D$254,12,$F$241:$F$254,"Хийгдээгүй",$C$241:$C$254,12) -> 0 | E32: =SUM(B32:D32) -> 0
A33: Техник давхар хүртэл дууссан | B33: =COUNTIFS($F$69:$F$88,"Дууссан",$C$69:$C$88,12) -> 5 | C33: =COUNTIFS($F$101:$F$126,"Дууссан",$C$101:$C$126,12) -> 4 | D33: =COUNTIFS($F$241:$F$254,"Дууссан",$C$241:$C$254,12) -> 0 | E33: =SUM(B33:D33) -> 9
A34: Давхрын задаргаагүй (блокийн хувиар) | B34: =COUNTIFS($G$69:$G$88,"Блокийн*",$C$69:$C$88,12) -> 0 | C34: =COUNTIFS($G$101:$G$126,"Блокийн*",$C$101:$C$126,12) -> 0 | D34: =COUNTIFS($G$241:$G$254,"Блокийн*",$C$241:$C$254,12) -> 4 | E34: =SUM(B34:D34) -> 4
A35: Нийт блок | B35: =SUM(B19:B34) -> 8 | C35: =SUM(C19:C34) -> 4 | D35: =SUM(D19:D34) -> 8 | E35: =SUM(E19:E34) -> 20
A37: 2) 9 давхар барилга (1-9F)
A38: Давхар (блок хүрсэн шат) | B38: Багц-1 | C38: Багц-2 | D38: Багц-3.1 | E38: Багц-3.2 | F38: Багц-3.3 | G38: Багц-4.1 | H38: Багц-4.2 | I38: Нийт блок
A39: Угсралт эхлээгүй | B39: =COUNTIFS($G$69:$G$88,"Эхлээгүй",$C$69:$C$88,9) -> 1 | C39: =COUNTIFS($G$101:$G$126,"Эхлээгүй",$C$101:$C$126,9) -> 0 | D39: =COUNTIFS($G$138:$G$148,"Эхлээгүй",$C$138:$C$148,9) -> 11 | E39: =COUNTIFS($G$163:$G$174,"Эхлээгүй",$C$163:$C$174,9) -> 1 | F39: =COUNTIFS($G$188:$G$201,"Эхлээгүй",$C$188:$C$201,9) -> 2 | G39: =COUNTIFS($G$213:$G$228,"Эхлээгүй",$C$213:$C$228,9) -> 0 | H39: =COUNTIFS($G$241:$G$254,"Эхлээгүй",$C$241:$C$254,9) -> 1 | I39: =SUM(B39:H39) -> 16
A40: Зөвхөн зоорь/суурь (давхар цутгалт эхлээгүй) | B40: =COUNTIFS($G$69:$G$88,"Зоорь*",$C$69:$C$88,9)+COUNTIFS($G$69:$G$88,"Зөвхөн*",$C$69:$C$88,9) -> 0 | C40: =COUNTIFS($G$101:$G$126,"Зоорь*",$C$101:$C$126,9)+COUNTIFS($G$101:$G$126,"Зөвхөн*",$C$101:$C$126,9) -> 0 | D40: =COUNTIFS($G$138:$G$148,"Зоорь*",$C$138:$C$148,9)+COUNTIFS($G$138:$G$148,"Зөвхөн*",$C$138:$C$148,9) -> 0 | E40: =COUNTIFS($G$163:$G$174,"Зоорь*",$C$163:$C$174,9)+COUNTIFS($G$163:$G$174,"Зөвхөн*",$C$163:$C$174,9) -> 0 | F40: =COUNTIFS($G$188:$G$201,"Зоорь*",$C$188:$C$201,9)+COUNTIFS($G$188:$G$201,"Зөвхөн*",$C$188:$C$201,9) -> 0 | G40: =COUNTIFS($G$213:$G$228,"Зоорь*",$C$213:$C$228,9)+COUNTIFS($G$213:$G$228,"Зөвхөн*",$C$213:$C$228,9) -> 0 | H40: =COUNTIFS($G$241:$G$254,"Зоорь*",$C$241:$C$254,9)+COUNTIFS($G$241:$G$254,"Зөвхөн*",$C$241:$C$254,9) -> 0 | I40: =SUM(B40:H40) -> 0
A41: 1F-д явж байгаа | B41: =COUNTIFS($D$69:$D$88,1,$F$69:$F$88,"Хийгдээгүй",$C$69:$C$88,9) -> 1 | C41: =COUNTIFS($D$101:$D$126,1,$F$101:$F$126,"Хийгдээгүй",$C$101:$C$126,9) -> 0 | D41: =COUNTIFS($D$138:$D$148,1,$F$138:$F$148,"Хийгдээгүй",$C$138:$C$148,9) -> 0 | E41: =COUNTIFS($D$163:$D$174,1,$F$163:$F$174,"Хийгдээгүй",$C$163:$C$174,9) -> 0 | F41: =COUNTIFS($D$188:$D$201,1,$F$188:$F$201,"Хийгдээгүй",$C$188:$C$201,9) -> 0 | G41: =COUNTIFS($D$213:$D$228,1,$F$213:$F$228,"Хийгдээгүй",$C$213:$C$228,9) -> 0 | H41: =COUNTIFS($D$241:$D$254,1,$F$241:$F$254,"Хийгдээгүй",$C$241:$C$254,9) -> 0 | I41: =SUM(B41:H41) -> 1
A42: 2F-д явж байгаа | B42: =COUNTIFS($D$69:$D$88,2,$F$69:$F$88,"Хийгдээгүй",$C$69:$C$88,9) -> 0 | C42: =COUNTIFS($D$101:$D$126,2,$F$101:$F$126,"Хийгдээгүй",$C$101:$C$126,9) -> 0 | D42: =COUNTIFS($D$138:$D$148,2,$F$138:$F$148,"Хийгдээгүй",$C$138:$C$148,9) -> 0 | E42: =COUNTIFS($D$163:$D$174,2,$F$163:$F$174,"Хийгдээгүй",$C$163:$C$174,9) -> 0 | F42: =COUNTIFS($D$188:$D$201,2,$F$188:$F$201,"Хийгдээгүй",$C$188:$C$201,9) -> 0 | G42: =COUNTIFS($D$213:$D$228,2,$F$213:$F$228,"Хийгдээгүй",$C$213:$C$228,9) -> 0 | H42: =COUNTIFS($D$241:$D$254,2,$F$241:$F$254,"Хийгдээгүй",$C$241:$C$254,9) -> 0 | I42: =SUM(B42:H42) -> 0
A43: 3F-д явж байгаа | B43: =COUNTIFS($D$69:$D$88,3,$F$69:$F$88,"Хийгдээгүй",$C$69:$C$88,9) -> 0 | C43: =COUNTIFS($D$101:$D$126,3,$F$101:$F$126,"Хийгдээгүй",$C$101:$C$126,9) -> 0 | D43: =COUNTIFS($D$138:$D$148,3,$F$138:$F$148,"Хийгдээгүй",$C$138:$C$148,9) -> 0 | E43: =COUNTIFS($D$163:$D$174,3,$F$163:$F$174,"Хийгдээгүй",$C$163:$C$174,9) -> 0 | F43: =COUNTIFS($D$188:$D$201,3,$F$188:$F$201,"Хийгдээгүй",$C$188:$C$201,9) -> 0 | G43: =COUNTIFS($D$213:$D$228,3,$F$213:$F$228,"Хийгдээгүй",$C$213:$C$228,9) -> 0 | H43: =COUNTIFS($D$241:$D$254,3,$F$241:$F$254,"Хийгдээгүй",$C$241:$C$254,9) -> 0 | I43: =SUM(B43:H43) -> 0
A44: 4F-д явж байгаа | B44: =COUNTIFS($D$69:$D$88,4,$F$69:$F$88,"Хийгдээгүй",$C$69:$C$88,9) -> 0 | C44: =COUNTIFS($D$101:$D$126,4,$F$101:$F$126,"Хийгдээгүй",$C$101:$C$126,9) -> 0 | D44: =COUNTIFS($D$138:$D$148,4,$F$138:$F$148,"Хийгдээгүй",$C$138:$C$148,9) -> 0 | E44: =COUNTIFS($D$163:$D$174,4,$F$163:$F$174,"Хийгдээгүй",$C$163:$C$174,9) -> 1 | F44: =COUNTIFS($D$188:$D$201,4,$F$188:$F$201,"Хийгдээгүй",$C$188:$C$201,9) -> 0 | G44: =COUNTIFS($D$213:$D$228,4,$F$213:$F$228,"Хийгдээгүй",$C$213:$C$228,9) -> 0 | H44: =COUNTIFS($D$241:$D$254,4,$F$241:$F$254,"Хийгдээгүй",$C$241:$C$254,9) -> 0 | I44: =SUM(B44:H44) -> 1
A45: 5F-д явж байгаа | B45: =COUNTIFS($D$69:$D$88,5,$F$69:$F$88,"Хийгдээгүй",$C$69:$C$88,9) -> 0 | C45: =COUNTIFS($D$101:$D$126,5,$F$101:$F$126,"Хийгдээгүй",$C$101:$C$126,9) -> 0 | D45: =COUNTIFS($D$138:$D$148,5,$F$138:$F$148,"Хийгдээгүй",$C$138:$C$148,9) -> 0 | E45: =COUNTIFS($D$163:$D$174,5,$F$163:$F$174,"Хийгдээгүй",$C$163:$C$174,9) -> 0 | F45: =COUNTIFS($D$188:$D$201,5,$F$188:$F$201,"Хийгдээгүй",$C$188:$C$201,9) -> 0 | G45: =COUNTIFS($D$213:$D$228,5,$F$213:$F$228,"Хийгдээгүй",$C$213:$C$228,9) -> 0 | H45: =COUNTIFS($D$241:$D$254,5,$F$241:$F$254,"Хийгдээгүй",$C$241:$C$254,9) -> 0 | I45: =SUM(B45:H45) -> 0
A46: 6F-д явж байгаа | B46: =COUNTIFS($D$69:$D$88,6,$F$69:$F$88,"Хийгдээгүй",$C$69:$C$88,9) -> 0 | C46: =COUNTIFS($D$101:$D$126,6,$F$101:$F$126,"Хийгдээгүй",$C$101:$C$126,9) -> 0 | D46: =COUNTIFS($D$138:$D$148,6,$F$138:$F$148,"Хийгдээгүй",$C$138:$C$148,9) -> 0 | E46: =COUNTIFS($D$163:$D$174,6,$F$163:$F$174,"Хийгдээгүй",$C$163:$C$174,9) -> 0 | F46: =COUNTIFS($D$188:$D$201,6,$F$188:$F$201,"Хийгдээгүй",$C$188:$C$201,9) -> 0 | G46: =COUNTIFS($D$213:$D$228,6,$F$213:$F$228,"Хийгдээгүй",$C$213:$C$228,9) -> 0 | H46: =COUNTIFS($D$241:$D$254,6,$F$241:$F$254,"Хийгдээгүй",$C$241:$C$254,9) -> 0 | I46: =SUM(B46:H46) -> 0
A47: 7F-д явж байгаа | B47: =COUNTIFS($D$69:$D$88,7,$F$69:$F$88,"Хийгдээгүй",$C$69:$C$88,9) -> 0 | C47: =COUNTIFS($D$101:$D$126,7,$F$101:$F$126,"Хийгдээгүй",$C$101:$C$126,9) -> 0 | D47: =COUNTIFS($D$138:$D$148,7,$F$138:$F$148,"Хийгдээгүй",$C$138:$C$148,9) -> 0 | E47: =COUNTIFS($D$163:$D$174,7,$F$163:$F$174,"Хийгдээгүй",$C$163:$C$174,9) -> 0 | F47: =COUNTIFS($D$188:$D$201,7,$F$188:$F$201,"Хийгдээгүй",$C$188:$C$201,9) -> 0 | G47: =COUNTIFS($D$213:$D$228,7,$F$213:$F$228,"Хийгдээгүй",$C$213:$C$228,9) -> 0 | H47: =COUNTIFS($D$241:$D$254,7,$F$241:$F$254,"Хийгдээгүй",$C$241:$C$254,9) -> 0 | I47: =SUM(B47:H47) -> 0
A48: 8F-д явж байгаа | B48: =COUNTIFS($D$69:$D$88,8,$F$69:$F$88,"Хийгдээгүй",$C$69:$C$88,9) -> 0 | C48: =COUNTIFS($D$101:$D$126,8,$F$101:$F$126,"Хийгдээгүй",$C$101:$C$126,9) -> 0 | D48: =COUNTIFS($D$138:$D$148,8,$F$138:$F$148,"Хийгдээгүй",$C$138:$C$148,9) -> 0 | E48: =COUNTIFS($D$163:$D$174,8,$F$163:$F$174,"Хийгдээгүй",$C$163:$C$174,9) -> 0 | F48: =COUNTIFS($D$188:$D$201,8,$F$188:$F$201,"Хийгдээгүй",$C$188:$C$201,9) -> 0 | G48: =COUNTIFS($D$213:$D$228,8,$F$213:$F$228,"Хийгдээгүй",$C$213:$C$228,9) -> 0 | H48: =COUNTIFS($D$241:$D$254,8,$F$241:$F$254,"Хийгдээгүй",$C$241:$C$254,9) -> 0 | I48: =SUM(B48:H48) -> 0
A49: 9F-д явж байгаа | B49: =COUNTIFS($D$69:$D$88,9,$F$69:$F$88,"Хийгдээгүй",$C$69:$C$88,9) -> 1 | C49: =COUNTIFS($D$101:$D$126,9,$F$101:$F$126,"Хийгдээгүй",$C$101:$C$126,9) -> 1 | D49: =COUNTIFS($D$138:$D$148,9,$F$138:$F$148,"Хийгдээгүй",$C$138:$C$148,9) -> 0 | E49: =COUNTIFS($D$163:$D$174,9,$F$163:$F$174,"Хийгдээгүй",$C$163:$C$174,9) -> 1 | F49: =COUNTIFS($D$188:$D$201,9,$F$188:$F$201,"Хийгдээгүй",$C$188:$C$201,9) -> 0 | G49: =COUNTIFS($D$213:$D$228,9,$F$213:$F$228,"Хийгдээгүй",$C$213:$C$228,9) -> 0 | H49: =COUNTIFS($D$241:$D$254,9,$F$241:$F$254,"Хийгдээгүй",$C$241:$C$254,9) -> 0 | I49: =SUM(B49:H49) -> 3
A50: Техник давхар хүртэл дууссан | B50: =COUNTIFS($F$69:$F$88,"Дууссан",$C$69:$C$88,9) -> 9 | C50: =COUNTIFS($F$101:$F$126,"Дууссан",$C$101:$C$126,9) -> 21 | D50: =COUNTIFS($F$138:$F$148,"Дууссан",$C$138:$C$148,9) -> 0 | E50: =COUNTIFS($F$163:$F$174,"Дууссан",$C$163:$C$174,9) -> 9 | F50: =COUNTIFS($F$188:$F$201,"Дууссан",$C$188:$C$201,9) -> 9 | G50: =COUNTIFS($F$213:$F$228,"Дууссан",$C$213:$C$228,9) -> 0 | H50: =COUNTIFS($F$241:$F$254,"Дууссан",$C$241:$C$254,9) -> 0 | I50: =SUM(B50:H50) -> 48
A51: Давхрын задаргаагүй (блокийн хувиар) | B51: =COUNTIFS($G$69:$G$88,"Блокийн*",$C$69:$C$88,9) -> 0 | C51: =COUNTIFS($G$101:$G$126,"Блокийн*",$C$101:$C$126,9) -> 0 | D51: =COUNTIFS($G$138:$G$148,"Блокийн*",$C$138:$C$148,9) -> 0 | E51: =COUNTIFS($G$163:$G$174,"Блокийн*",$C$163:$C$174,9) -> 0 | F51: =COUNTIFS($G$188:$G$201,"Блокийн*",$C$188:$C$201,9) -> 3 | G51: =COUNTIFS($G$213:$G$228,"Блокийн*",$C$213:$C$228,9) -> 16 | H51: =COUNTIFS($G$241:$G$254,"Блокийн*",$C$241:$C$254,9) -> 5 | I51: =SUM(B51:H51) -> 24
A52: Нийт блок | B52: =SUM(B39:B51) -> 12 | C52: =SUM(C39:C51) -> 22 | D52: =SUM(D39:D51) -> 11 | E52: =SUM(E39:E51) -> 12 | F52: =SUM(F39:F51) -> 14 | G52: =SUM(G39:G51) -> 16 | H52: =SUM(H39:H51) -> 6 | I52: =SUM(I39:I51) -> 93
A54: 2. Багц-1 : Блокуудын угсралт хэдэн давхарт явж байгаа
A55: Нийт блок | B55: =COUNTA(A69:A88) -> 20
A57: Төлөв | B57: Блокын тоо | C57: Үүнээс 9 давхар | D57: Үүнээс 12 давхар | E57: Эзлэх хувь
A58: Техник давхар хүртэл дууссан | B58: =COUNTIFS($G$69:$G$88,$A58) -> 14 | C58: =COUNTIFS($G$69:$G$88,$A58,$C$69:$C$88,9) -> 9 | D58: =COUNTIFS($G$69:$G$88,$A58,$C$69:$C$88,12) -> 5 | E58: =B58/$B$55 -> 0.7
A59: 11F хүртэл цутгасан | B59: =COUNTIFS($G$69:$G$88,$A59) -> 1 | C59: =COUNTIFS($G$69:$G$88,$A59,$C$69:$C$88,9) -> 0 | D59: =COUNTIFS($G$69:$G$88,$A59,$C$69:$C$88,12) -> 1 | E59: =B59/$B$55 -> 0.05
A60: 10F хүртэл цутгасан | B60: =COUNTIFS($G$69:$G$88,$A60) -> 1 | C60: =COUNTIFS($G$69:$G$88,$A60,$C$69:$C$88,9) -> 0 | D60: =COUNTIFS($G$69:$G$88,$A60,$C$69:$C$88,12) -> 1 | E60: =B60/$B$55 -> 0.05
A61: 9F хүртэл цутгасан | B61: =COUNTIFS($G$69:$G$88,$A61) -> 1 | C61: =COUNTIFS($G$69:$G$88,$A61,$C$69:$C$88,9) -> 1 | D61: =COUNTIFS($G$69:$G$88,$A61,$C$69:$C$88,12) -> 0 | E61: =B61/$B$55 -> 0.05
A62: 6F хүртэл цутгасан | B62: =COUNTIFS($G$69:$G$88,$A62) -> 1 | C62: =COUNTIFS($G$69:$G$88,$A62,$C$69:$C$88,9) -> 0 | D62: =COUNTIFS($G$69:$G$88,$A62,$C$69:$C$88,12) -> 1 | E62: =B62/$B$55 -> 0.05
A63: 1F хүртэл цутгасан | B63: =COUNTIFS($G$69:$G$88,$A63) -> 1 | C63: =COUNTIFS($G$69:$G$88,$A63,$C$69:$C$88,9) -> 1 | D63: =COUNTIFS($G$69:$G$88,$A63,$C$69:$C$88,12) -> 0 | E63: =B63/$B$55 -> 0.05
A64: Эхлээгүй | B64: =COUNTIFS($G$69:$G$88,$A64) -> 1 | C64: =COUNTIFS($G$69:$G$88,$A64,$C$69:$C$88,9) -> 1 | D64: =COUNTIFS($G$69:$G$88,$A64,$C$69:$C$88,12) -> 0 | E64: =B64/$B$55 -> 0.05
A65: Нийт | B65: =SUM(B58:B64) -> 20 | C65: =SUM(C58:C64) -> 12 | D65: =SUM(D58:D64) -> 8 | E65: =SUM(E58:E64) -> 1
A67: Багц-1 : блок тус бүрийн байдал
A68: Блок | B68: Барилгын төрөл | C68: Нийт давхар | D68: Цутгалт эхэлсэн давхар | E68: Цутгаж дууссан давхар | F68: Техник давхар | G68: Одоогийн төлөв | H68: Одоо цутгаж буй давхрын явц | I68: Үлдсэн давхар
A69: 5/1 | B69: 9 давхар | C69: 9 | D69: 9 | E69: 9 | F69: Дууссан | G69: Техник давхар хүртэл дууссан | I69: =IF(ISNUMBER(E69),C69-E69,"-") -> 0
A70: 5/2 | B70: 9 давхар | C70: 9 | D70: 9 | E70: 9 | F70: Дууссан | G70: Техник давхар хүртэл дууссан | I70: =IF(ISNUMBER(E70),C70-E70,"-") -> 0
A71: 5/3 | B71: 9 давхар | C71: 9 | D71: 9 | E71: 9 | F71: Дууссан | G71: Техник давхар хүртэл дууссан | I71: =IF(ISNUMBER(E71),C71-E71,"-") -> 0
A72: 5/4 | B72: 9 давхар | C72: 9 | D72: 9 | E72: 9 | F72: Дууссан | G72: Техник давхар хүртэл дууссан | I72: =IF(ISNUMBER(E72),C72-E72,"-") -> 0
A73: 5/5 | B73: 9 давхар | C73: 9 | D73: 9 | E73: 9 | F73: Хийгдээгүй | G73: 9F хүртэл цутгасан | I73: =IF(ISNUMBER(E73),C73-E73,"-") -> 0
A74: 5/6 | B74: 9 давхар | C74: 9 | D74: 9 | E74: 9 | F74: Дууссан | G74: Техник давхар хүртэл дууссан | I74: =IF(ISNUMBER(E74),C74-E74,"-") -> 0
A75: 5/7 | B75: 9 давхар | C75: 9 | D75: 1 | E75: 1 | F75: Хийгдээгүй | G75: 1F хүртэл цутгасан | I75: =IF(ISNUMBER(E75),C75-E75,"-") -> 8
A76: 5/8 | B76: 9 давхар | C76: 9 | D76: 0 | E76: 0 | F76: Хийгдээгүй | G76: Эхлээгүй | I76: =IF(ISNUMBER(E76),C76-E76,"-") -> 9
A77: 5/9 | B77: 9 давхар | C77: 9 | D77: 9 | E77: 9 | F77: Дууссан | G77: Техник давхар хүртэл дууссан | I77: =IF(ISNUMBER(E77),C77-E77,"-") -> 0
A78: 5/10 | B78: 9 давхар | C78: 9 | D78: 9 | E78: 9 | F78: Дууссан | G78: Техник давхар хүртэл дууссан | I78: =IF(ISNUMBER(E78),C78-E78,"-") -> 0
A79: 5/11 | B79: 9 давхар | C79: 9 | D79: 9 | E79: 9 | F79: Дууссан | G79: Техник давхар хүртэл дууссан | I79: =IF(ISNUMBER(E79),C79-E79,"-") -> 0
A80: 5/12 | B80: 9 давхар | C80: 9 | D80: 9 | E80: 9 | F80: Дууссан | G80: Техник давхар хүртэл дууссан | I80: =IF(ISNUMBER(E80),C80-E80,"-") -> 0
... A88: 29/8 | B88: 12 давхар | C88: 12 | D88: 12 | E88: 12 | F88: Дууссан | G88: Техник давхар хүртэл дууссан | I88: =IF(ISNUMBER(E88),C88-E88,"-") -> 0
A91: 3. Багц-2 : Блокуудын угсралт хэдэн давхарт явж байгаа
A92: Нийт блок | B92: =COUNTA(A101:A126) -> 26
A94: Төлөв | B94: Блокын тоо | C94: Үүнээс 9 давхар | D94: Үүнээс 12 давхар | E94: Эзлэх хувь
A95: Техник давхар хүртэл дууссан | B95: =COUNTIFS($G$101:$G$126,$A95) -> 25 | C95: =COUNTIFS($G$101:$G$126,$A95,$C$101:$C$126,9) -> 21 | D95: =COUNTIFS($G$101:$G$126,$A95,$C$101:$C$126,12) -> 4 | E95: =B95/$B$92 -> 0.96153846
A96: 9F хүртэл цутгасан | B96: =COUNTIFS($G$101:$G$126,$A96) -> 1 | C96: =COUNTIFS($G$101:$G$126,$A96,$C$101:$C$126,9) -> 1 | D96: =COUNTIFS($G$101:$G$126,$A96,$C$101:$C$126,12) -> 0 | E96: =B96/$B$92 -> 0.038461538
A97: Нийт | B97: =SUM(B95:B96) -> 26 | C97: =SUM(C95:C96) -> 22 | D97: =SUM(D95:D96) -> 4 | E97: =SUM(E95:E96) -> 1
A99: Багц-2 : блок тус бүрийн байдал
A100: Блок | B100: Барилгын төрөл | C100: Нийт давхар | D100: Цутгалт эхэлсэн давхар | E100: Цутгаж дууссан давхар | F100: Техник давхар | G100: Одоогийн төлөв | H100: Одоо цутгаж буй давхрын явц | I100: Үлдсэн давхар
A101: 5/1 | B101: 9 давхар | C101: 9 | D101: 9 | E101: 9 | F101: Дууссан | G101: Техник давхар хүртэл дууссан | I101: =IF(ISNUMBER(E101),C101-E101,"-") -> 0
A102: 5/2 | B102: 9 давхар | C102: 9 | D102: 9 | E102: 9 | F102: Дууссан | G102: Техник давхар хүртэл дууссан | I102: =IF(ISNUMBER(E102),C102-E102,"-") -> 0
A103: 5/3 | B103: 9 давхар | C103: 9 | D103: 9 | E103: 9 | F103: Дууссан | G103: Техник давхар хүртэл дууссан | I103: =IF(ISNUMBER(E103),C103-E103,"-") -> 0
A104: 5/4 | B104: 9 давхар | C104: 9 | D104: 9 | E104: 9 | F104: Дууссан | G104: Техник давхар хүртэл дууссан | I104: =IF(ISNUMBER(E104),C104-E104,"-") -> 0
A105: 5/5 | B105: 9 давхар | C105: 9 | D105: 9 | E105: 9 | F105: Дууссан | G105: Техник давхар хүртэл дууссан | I105: =IF(ISNUMBER(E105),C105-E105,"-") -> 0
A106: 5/6 | B106: 9 давхар | C106: 9 | D106: 9 | E106: 9 | F106: Дууссан | G106: Техник давхар хүртэл дууссан | I106: =IF(ISNUMBER(E106),C106-E106,"-") -> 0
A107: 5/7 | B107: 9 давхар | C107: 9 | D107: 9 | E107: 9 | F107: Дууссан | G107: Техник давхар хүртэл дууссан | I107: =IF(ISNUMBER(E107),C107-E107,"-") -> 0
A108: 5/8 | B108: 9 давхар | C108: 9 | D108: 9 | E108: 9 | F108: Дууссан | G108: Техник давхар хүртэл дууссан | I108: =IF(ISNUMBER(E108),C108-E108,"-") -> 0
A109: 5/9 | B109: 9 давхар | C109: 9 | D109: 9 | E109: 9 | F109: Дууссан | G109: Техник давхар хүртэл дууссан | I109: =IF(ISNUMBER(E109),C109-E109,"-") -> 0
A110: 5/10 | B110: 9 давхар | C110: 9 | D110: 9 | E110: 9 | F110: Дууссан | G110: Техник давхар хүртэл дууссан | I110: =IF(ISNUMBER(E110),C110-E110,"-") -> 0
A111: 5/11 | B111: 9 давхар | C111: 9 | D111: 9 | E111: 9 | F111: Дууссан | G111: Техник давхар хүртэл дууссан | I111: =IF(ISNUMBER(E111),C111-E111,"-") -> 0
A112: 5/12 | B112: 9 давхар | C112: 9 | D112: 9 | E112: 9 | F112: Дууссан | G112: Техник давхар хүртэл дууссан | I112: =IF(ISNUMBER(E112),C112-E112,"-") -> 0
... A126: 29/4 | B126: 12 давхар | C126: 12 | D126: 12 | E126: 12 | F126: Дууссан | G126: Техник давхар хүртэл дууссан | I126: =IF(ISNUMBER(E126),C126-E126,"-") -> 0
A129: 4. Багц-3.1 : Блокуудын угсралт хэдэн давхарт явж байгаа
A130: Нийт блок | B130: =COUNTA(A138:A148) -> 11
A132: Төлөв | B132: Блокын тоо | C132: Үүнээс 9 давхар | D132: Үүнээс 12 давхар | E132: Эзлэх хувь
A133: Эхлээгүй | B133: =COUNTIFS($G$138:$G$148,$A133) -> 11 | C133: =COUNTIFS($G$138:$G$148,$A133,$C$138:$C$148,9) -> 11 | D133: =COUNTIFS($G$138:$G$148,$A133,$C$138:$C$148,12) -> 0 | E133: =B133/$B$130 -> 1
...

Sheet Sheet1
C3: 45874 | D3: 46157 | E3: =+D3-C3 -> 283
D4: 46147 | E4: =+D4-C3 -> 273
E5: =+E4/E3 -> 0.96466431

Sheet БАГЦ-1 2025-12-31
A2: БАГЦ 1 БАРИЛГА УГСРАЛТЫН ГҮЙЦЭТГЭЛ
E3: Байгууллага | G3: "Сэлбэ хорин минутын хот корпорац"ХХК | L3: Шифр
E4: Харьяалах газар | G4: БАГЦ-1 | L4: Хувилбар, №
E5: Баримт бичгийн нэр | G5: Талбайн мэдээлэл | L5: Батлагдсан огноо
A7: № | B7: Ажил | C7: Хувийн жин | E7: Ажил гүйцэтгэл (12 барилга) | Y7: Хийгдсэн гүйцэтгэл | Z7: Дутуу гүйцэтгэл
E8: 71 айл 9 давхар | Q8: 117 айл 12 давхар
E9: 5/1 барилга | F9: 5/2 барилга | G9: 5/3 барилга | H9: 5/4 барилга | I9: 5/5 барилга | J9: 5/6 барилга | K9: 5/7 барилга | L9: 5/8 барилга | M9: 5/9 барилга | N9: 5/10 барилга | O9: 5/11 барилга | P9: 5/12 барилга | Q9: 29/1 барилга | R9: 29/2 барилга | S9: 29/3 барилга | T9: 29/4 барилга | U9: 29/5 барилга | V9: 29/6 барилга | W9: 29/7 барилга | X9: 29/8 барилга
A10: A. Бэлтгэл ажил | C10: =+SUM(C11:C18) -> 1 | D10: =+SUM(D11:D18) -> 1
A11: 1 | B11: Талбайн түр хашаа барих | C11: 0.1 | D11: 0.1 | E11: 1 | F11: 1 | G11: 1 | H11: 1 | I11: 1 | J11: 1 | K11: 1 | L11: 1 | M11: 1 | N11: 1 | O11: 1 | P11: 1 | Q11: 1 | R11: 1 | S11: 1 | T11: 1 | U11: 1 | V11: 1 | W11: 1 | X11: 1
A12: 2 | B12: Талбайн гэрэлтүүлэг | C12: 0.15 | D12: 0.15 | E12: 1 | F12: 1 | G12: 1 | H12: 1 | I12: 1 | J12: 1 | K12: 1 | L12: 1 | M12: 1 | N12: 1 | O12: 1 | P12: 1 | Q12: 1 | R12: 1 | S12: 1 | T12: 1 | U12: 1 | V12: 1 | W12: 1 | X12: 1
A13: 3 | B13: Талбайн камер | C13: 0.15 | D13: 0.15 | E13: 1 | F13: 1 | G13: 1 | H13: 1 | I13: 1 | J13: 1 | K13: 1 | L13: 1 | M13: 1 | N13: 1 | O13: 1 | P13: 1 | Q13: 1 | R13: 1 | S13: 1 | T13: 1 | U13: 1 | V13: 1 | W13: 1 | X13: 1
A14: 4 | B14: Харуул хамгаалалт | C14: 0.15 | D14: 0.15 | E14: 1 | F14: 1 | G14: 1 | H14: 1 | I14: 1 | J14: 1 | K14: 1 | L14: 1 | M14: 1 | N14: 1 | O14: 1 | P14: 1 | Q14: 1 | R14: 1 | S14: 1 | T14: 1 | U14: 1 | V14: 1 | W14: 1 | X14: 1
A15: 5 | B15: Түр цахилгаан хангамж | C15: 0.1 | D15: 0.1 | E15: 1 | F15: 1 | G15: 1 | H15: 1 | I15: 1 | J15: 1 | K15: 1 | L15: 1 | M15: 1 | N15: 1 | O15: 1 | P15: 1 | Q15: 1 | R15: 1 | S15: 1 | T15: 1 | U15: 1 | V15: 1 | W15: 1 | X15: 1
A16: 6 | B16: Түр барилга байгууламж | C16: 0.15 | D16: 0.15 | E16: 1 | F16: 1 | G16: 1 | H16: 1 | I16: 1 | J16: 1 | K16: 1 | L16: 1 | M16: 1 | N16: 1 | O16: 1 | P16: 1 | Q16: 1 | R16: 1 | S16: 1 | T16: 1 | U16: 1 | V16: 1 | W16: 1 | X16: 1
A17: 7 | B17: Түр зам засах /Тэгшилгээ/ | C17: 0.1 | D17: 0.1 | E17: 1 | F17: 1 | G17: 1 | H17: 1 | I17: 1 | J17: 1 | K17: 1 | L17: 1 | M17: 1 | N17: 1 | O17: 1 | P17: 1 | Q17: 1 | R17: 1 | S17: 1 | T17: 1 | U17: 1 | V17: 1 | W17: 1 | X17: 1
A18: 8 | B18: Кран угсрах | C18: 0.1 | D18: 0.1 | E18: 1 | F18: 1 | G18: 1 | H18: 1 | I18: 1 | J18: 1 | K18: 1 | L18: 1 | M18: 1 | N18: 1 | O18: 1 | P18: 1 | Q18: 1 | R18: 1 | S18: 1 | T18: 1 | U18: 1 | V18: 1 | W18: 1 | X18: 1
A19: Б. БАРИЛГА УГСРАЛТЫН АЖИЛ | D19: =+D20+D111+D112+D113+D114 -> 1 | E19: =+$D20*E20+$D111*E111+$D112*E112+$D113*E113+$D114*E114 -> 0.0091083272 | F19: =+$D20*F20+$D111*F111+$D112*F112+$D113*F113+$D114*F114 -> 0.0091083272 | G19: =+$D20*G20+$D111*G111+$D112*G112+$D113*G113+$D114*G114 -> 0.0091083272 | H19: =+$D20*H20+$D111*H111+$D112*H112+$D113*H113+$D114*H114 -> 0.0091083272 | I19: =+$D20*I20+$D111*I111+$D112*I112+$D113*I113+$D114*I114 -> 0.0091083272 | J19: =+$D20*J20+$D111*J111+$D112*J112+$D113*J113+$D114*J114 -> 0.0091083272 | K19: =+$D20*K20+$D111*K111+$D112*K112+$D113*K113+$D114*K114 -> 0.0091083272 | L19: =+$D20*L20+$D111*L111+$D112*L112+$D113*L113+$D114*L114 -> 0.0091083272 | ... X19: =+$D20*X20+$D111*X111+$D112*X112+$D113*X113+$D114*X114 -> 0.0091083272
A20: Б1 | B20: БАРИЛГЫН АЖИЛ | D20: =+D21+D38+D62+D103+D104+D105+D106+D107+D108+D109+D110 -> 0.7829387 | E20: =+(+$D21*E21+$D38*E38+$D62*E62+$D103*E103+$D104*E104+$D105*E105+$D106*E106+$D107*E107+$D108*E108+$D109*E109+$D110*E110)/$D20 -> 0.011633512 | F20: =+(+$D21*F21+$D38*F38+$D62*F62+$D103*F103+$D104*F104+$D105*F105+$D106*F106+$D107*F107+$D108*F108+$D109*F109+$D110*F110)/$D20 -> 0.011633512 | G20: =+(+$D21*G21+$D38*G38+$D62*G62+$D103*G103+$D104*G104+$D105*G105+$D106*G106+$D107*G107+$D108*G108+$D109*G109+$D110*G110)/$D20 -> 0.011633512 | H20: =+(+$D21*H21+$D38*H38+$D62*H62+$D103*H103+$D104*H104+$D105*H105+$D106*H106+$D107*H107+$D108*H108+$D109*H109+$D110*H110)/$D20 -> 0.011633512 | I20: =+(+$D21*I21+$D38*I38+$D62*I62+$D103*I103+$D104*I104+$D105*I105+$D106*I106+$D107*I107+$D108*I108+$D109*I109+$D110*I110)/$D20 -> 0.011633512 | J20: =+(+$D21*J21+$D38*J38+$D62*J62+$D103*J103+$D104*J104+$D105*J105+$D106*J106+$D107*J107+$D108*J108+$D109*J109+$D110*J110)/$D20 -> 0.011633512 | K20: =+(+$D21*K21+$D38*K38+$D62*K62+$D103*K103+$D104*K104+$D105*K105+$D106*K106+$D107*K107+$D108*K108+$D109*K109+$D110*K110)/$D20 -> 0.011633512 | L20: =+(+$D21*L21+$D38*L38+$D62*L62+$D103*L103+$D104*L104+$D105*L105+$D106*L106+$D107*L107+$D108*L108+$D109*L109+$D110*L110)/$D20 -> 0.011633512 | ... X20: =+(+$D21*X21+$D38*X38+$D62*X62+$D103*X103+$D104*X104+$D105*X105+$D106*X106+$D107*X107+$D108*X108+$D109*X109+$D110*X110)/$D20 -> 0.011633512
A21: 1 | B21: ГАЗАР ШОРООНЫ АЖИЛ | D21: =+'[2]Construction-87'!$L$16 -> 0.022770818 | E21: =+(E22*$D22+$D29*E29+$D33*E33)/$D21 -> 0.4 | F21: =+(F22*$D22+$D29*F29+$D33*F33)/$D21 -> 0.4 | G21: =+(G22*$D22+$D29*G29+$D33*G33)/$D21 -> 0.4 | H21: =+(H22*$D22+$D29*H29+$D33*H33)/$D21 -> 0.4 | I21: =+(I22*$D22+$D29*I29+$D33*I33)/$D21 -> 0.4 | J21: =+(J22*$D22+$D29*J29+$D33*J33)/$D21 -> 0.4 | K21: =+(K22*$D22+$D29*K29+$D33*K33)/$D21 -> 0.4 | L21: =+(L22*$D22+$D29*L29+$D33*L33)/$D21 -> 0.4 | ... X21: =+(X22*$D22+$D29*X29+$D33*X33)/$D21 -> 0.4
A22: 1.1 | B22: Суурь ухлагын ажил | C22: =+SUM(C23:C28) -> 1 | D22: =+D21*40% -> 0.0091083272 | E22: =+SUMPRODUCT($C23:$C28,E23:E28) -> 1 | F22: =+SUMPRODUCT($C23:$C28,F23:F28) -> 1 | G22: =+SUMPRODUCT($C23:$C28,G23:G28) -> 1 | H22: =+SUMPRODUCT($C23:$C28,H23:H28) -> 1 | I22: =+SUMPRODUCT($C23:$C28,I23:I28) -> 1 | J22: =+SUMPRODUCT($C23:$C28,J23:J28) -> 1 | K22: =+SUMPRODUCT($C23:$C28,K23:K28) -> 1 | L22: =+SUMPRODUCT($C23:$C28,L23:L28) -> 1 | ... X22: =+SUMPRODUCT($C23:$C28,X23:X28) -> 1
A23: 1 | B23: Улаан шугамыг шалгаж,тэг тэнхлэг тавих | C23: 0.05 | D23: =+C23*$D$22 -> 0.00045541636 | E23: 1 | F23: 1 | G23: 1 | H23: 1 | I23: 1 | J23: 1 | K23: 1 | L23: 1 | M23: 1 | N23: 1 | O23: 1 | P23: 1 | Q23: 1 | R23: 1 | S23: 1 | T23: 1 | U23: 1 | V23: 1 | W23: 1 | X23: 1
A24: 2 | B24: Суурийн нүх ухах | C24: 0.6 | D24: =+C24*$D$22 -> 0.0054649963 | E24: 1 | F24: 1 | G24: 1 | H24: 1 | I24: 1 | J24: 1 | K24: 1 | L24: 1 | M24: 1 | N24: 1 | O24: 1 | P24: 1 | Q24: 1 | R24: 1 | S24: 1 | T24: 1 | U24: 1 | V24: 1 | W24: 1 | X24: 1
A25: 3 | B25: Суурь нээсэн хөрсний дүгнэлт үйлдэх | C25: 0.05 | D25: =+C25*$D$22 -> 0.00045541636 | E25: 1 | F25: 1 | G25: 1 | H25: 1 | I25: 1 | J25: 1 | K25: 1 | L25: 1 | M25: 1 | N25: 1 | O25: 1 | P25: 1 | Q25: 1 | R25: 1 | S25: 1 | T25: 1 | U25: 1 | V25: 1 | W25: 1 | X25: 1
A26: 4 | B26: Гар тэгшилгээ | C26: 0.1 | D26: =+C26*$D$22 -> 0.00091083272 | E26: 1 | F26: 1 | G26: 1 | H26: 1 | I26: 1 | J26: 1 | K26: 1 | L26: 1 | M26: 1 | N26: 1 | O26: 1 | P26: 1 | Q26: 1 | R26: 1 | S26: 1 | T26: 1 | U26: 1 | V26: 1 | W26: 1 | X26: 1
A27: 5 | B27: Буурь хөрсний нягтруулалт | C27: 0.15 | D27: =+C27*$D$22 -> 0.0013662491 | E27: 1 | F27: 1 | G27: 1 | H27: 1 | I27: 1 | J27: 1 | K27: 1 | L27: 1 | M27: 1 | N27: 1 | O27: 1 | P27: 1 | Q27: 1 | R27: 1 | S27: 1 | T27: 1 | U27: 1 | V27: 1 | W27: 1 | X27: 1
A28: 6 | B28: Буурь хөрсний нягтруулалтын тест | C28: 0.05 | D28: =+C28*$D$22 -> 0.00045541636 | E28: 1 | F28: 1 | G28: 1 | H28: 1 | I28: 1 | J28: 1 | K28: 1 | L28: 1 | M28: 1 | N28: 1 | O28: 1 | P28: 1 | Q28: 1 | R28: 1 | S28: 1 | T28: 1 | U28: 1 | V28: 1 | W28: 1 | X28: 1
A29: 1.2 | B29: Суурь буцаан булалтын ажил | C29: =+SUM(C30:C32) -> 1 | D29: =+D21*25% -> 0.0056927045
A30: 1 | B30: Бульдозероор суурийн хажуугаар хөрсөөр булах | C30: 0.5 | D30: =+C30*$D$29 -> 0.0028463522 | E30: 1 | F30: 1 | G30: 1 | H30: 1 | I30: 1 | J30: 1 | K30: 1 | L30: 1 | M30: 1 | N30: 1 | O30: 1 | P30: 1 | Q30: 1 | R30: 1 | S30: 1 | T30: 1 | U30: 1 | V30: 1 | W30: 1 | X30: 1
A31: 2 | B31: Суурийн шороог гараар булах | C31: 0.2 | D31: =+C31*$D$29 -> 0.0011385409 | E31: 1 | F31: 1 | G31: 1 | H31: 1 | I31: 1 | J31: 1 | K31: 1 | L31: 1 | M31: 1 | N31: 1 | O31: 1 | P31: 1 | Q31: 1 | R31: 1 | S31: 1 | T31: 1 | U31: 1 | V31: 1 | W31: 1 | X31: 1
A32: 3 | B32: Нягтруулах | C32: 0.3 | D32: =+C32*$D$29 -> 0.0017078113 | E32: 1 | F32: 1 | G32: 1 | H32: 1 | I32: 1 | J32: 1 | K32: 1 | L32: 1 | M32: 1 | N32: 1 | O32: 1 | P32: 1 | Q32: 1 | R32: 1 | S32: 1 | T32: 1 | U32: 1 | V32: 1 | W32: 1 | X32: 1
A33: 1.3 | B33: Бусад газар шорооны ажил | C33: =+SUM(C34:C37) -> 1 | D33: =+D21-D22-D29 -> 0.0079697863
A34: 1 | B34: Шалан доор шороо хийж нягтруулах | C34: 0.1 | D34: =+C34*$D$33 -> 0.00079697863
A35: 2 | B35: Гадна довжоон доор шороо хийж нягтруулах ([k1=0.9]) | C35: 0.02 | D35: =+C35*$D$33 -> 0.00015939573
A36: 3 | B36: Бетон хаяавчин доор шороо хийж нягтруулах ([k1=0.9]) | C36: 0.05 | D36: =+C36*$D$33 -> 0.00039848931
A37: 4 | B37: Хүнхээлээс ус татах | C37: 0.83 | D37: =+C37*$D$33 -> 0.0066149226
A38: 2 | B38: СУУРИЙН АЖИЛ | C38: =+SUM(C39:C61) -> 1 | D38: =+'[2]Construction-87'!$L$42 -> 0.061210736
A39: 1 | B39: Ус чийг тусгаарлагч дэвсэх /Плёнка/ | C39: 0.005 | D39: =+C39*$D$38 -> 0.00030605368 | E39: 1 | F39: 1 | G39: 1 | H39: 1 | I39: 1 | J39: 1 | K39: 1 | L39: 1 | M39: 1 | N39: 1 | O39: 1 | P39: 1 | Q39: 1 | R39: 1 | S39: 1 | T39: 1 | U39: 1 | V39: 1 | W39: 1 | X39: 1
A40: =+A39+1 -> 2 | B40: Хэв хашмал угсрах /150 мм/ | C40: 0.01 | D40: =+C40*$D$38 -> 0.00061210736 | E40: 1 | F40: 1 | G40: 1 | H40: 1 | I40: 1 | J40: 1 | K40: 1 | L40: 1 | M40: 1 | N40: 1 | O40: 1 | P40: 1 | Q40: 1 | R40: 1 | S40: 1 | T40: 1 | U40: 1 | V40: 1 | W40: 1 | X40: 1
A41: =+A40+1 -> 3 | B41: Бэлтгэл бетон цутгах /150мм/ W10- Ус тусгаарлагч нэмэлт | C41: 0.025 | D41: =+C41*$D$38 -> 0.0015302684 | E41: 1 | F41: 1 | G41: 1 | H41: 1 | I41: 1 | J41: 1 | K41: 1 | L41: 1 | M41: 1 | N41: 1 | O41: 1 | P41: 1 | Q41: 1 | R41: 1 | S41: 1 | T41: 1 | U41: 1 | V41: 1 | W41: 1 | X41: 1
A42: =+A41+1 -> 4 | B42: Хавтан суурийн хэмжээ тавих | C42: 0.005 | D42: =+C42*$D$38 -> 0.00030605368 | E42: 1 | F42: 1 | G42: 1 | H42: 1 | I42: 1 | J42: 1 | K42: 1 | L42: 1 | M42: 1 | N42: 1 | O42: 1 | P42: 1 | Q42: 1 | R42: 1 | S42: 1 | T42: 1 | U42: 1 | V42: 1 | W42: 1 | X42: 1
A43: =+A42+1 -> 5 | B43: Хавтан суурийн арматурчлах | C43: 0.01 | D43: =+C43*$D$38 -> 0.00061210736 | E43: 1 | F43: 1 | G43: 1 | H43: 1 | I43: 1 | J43: 1 | K43: 1 | L43: 1 | M43: 1 | N43: 1 | O43: 1 | P43: 1 | Q43: 1 | R43: 1 | S43: 1 | T43: 1 | U43: 1 | V43: 1 | W43: 1 | X43: 1
A44: =+A43+1 -> 6 | B44: Сууриас ханын гаргалгаа арматур арматурчилах | C44: 0.005 | D44: =+C44*$D$38 -> 0.00030605368 | E44: 1 | F44: 1 | G44: 1 | H44: 1 | I44: 1 | J44: 1 | K44: 1 | L44: 1 | M44: 1 | N44: 1 | O44: 1 | P44: 1 | Q44: 1 | R44: 1 | S44: 1 | T44: 1 | U44: 1 | V44: 1 | W44: 1 | X44: 1
A45: =+A44+1 -> 7 | B45: Нил суурийн бетон цутгалт хийх | C45: 0.52 | D45: =+C45*$D$38 -> 0.031829582 | E45: 1 | F45: 1 | G45: 1 | H45: 1 | I45: 1 | J45: 1 | K45: 1 | L45: 1 | M45: 1 | N45: 1 | O45: 1 | P45: 1 | Q45: 1 | R45: 1 | S45: 1 | T45: 1 | U45: 1 | V45: 1 | W45: 1 | X45: 1
A46: =+A45+1 -> 8 | B46: Краны суурь цутгах | C46: 0.1 | D46: =+C46*$D$38 -> 0.0061210736 | E46: 1 | F46: 1 | G46: 1 | H46: 1 | I46: 1 | J46: 1 | K46: 1 | L46: 1 | M46: 1 | N46: 1 | O46: 1 | P46: 1 | Q46: 1 | R46: 1 | S46: 1 | T46: 1 | U46: 1 | V46: 1 | W46: 1 | X46: 1
A47: =+A46+1 -> 9 | B47: Ус чийг тусгаарлагч зөөлөвч угсрах /Waterstop/ | C47: 0.015 | D47: =+C47*$D$38 -> 0.00091816103 | E47: 1 | F47: 1 | G47: 1 | H47: 1 | I47: 1 | J47: 1 | K47: 1 | L47: 1 | M47: 1 | N47: 1 | O47: 1 | P47: 1 | Q47: 1 | R47: 1 | S47: 1 | T47: 1 | U47: 1 | V47: 1 | W47: 1 | X47: 1
A48: =+A47+1 -> 10 | B48: Бетон шалны тэгшилгээ хийх В10 ([k1=0.8], [k2=0.7]) | C48: 0.06 | D48: =+C48*$D$38 -> 0.0036726441
A49: =+A48+1 -> 11 | B49: Зоорийн бетон хана дотор талаас нь шавардах ([k1=0.8]) | C49: 0.01 | D49: =+C49*$D$38 -> 0.00061210736
A50: =+A49+1 -> 12 | B50: Зоорийн ханын гадаргууд ус тусгаарлагчийг битум түрхлэгээр 2 үе хийх ([k1=0.8]) | C50: 0.01 | D50: =+C50*$D$38 -> 0.00061210736 | E50: 1 | F50: 1 | G50: 1 | H50: 1 | I50: 1 | J50: 1 | K50: 1 | L50: 1 | M50: 1 | N50: 1 | O50: 1 | P50: 1 | Q50: 1 | R50: 1 | S50: 1 | T50: 1 | U50: 1 | V50: 1 | W50: 1 | X50: 1
A51: =+A50+1 -> 13 | B51: Ус тусгаарлагч туузаар наах | C51: 0.01 | D51: =+C51*$D$38 -> 0.00061210736
A52: =+A51+1 -> 14 | B52: Зоорийн хана XPS d=50mm хөөсөнцөрөөр дулаалах ([k1=0.9]) | C52: 0.05 | D52: =+C52*$D$38 -> 0.0030605368 | E52: 1 | F52: 1 | G52: 1 | H52: 1 | I52: 1 | J52: 1 | K52: 1 | L52: 1 | M52: 1 | N52: 1 | O52: 1 | P52: 1 | Q52: 1 | R52: 1 | S52: 1 | T52: 1 | U52: 1 | V52: 1 | W52: 1 | X52: 1
A53: =+A52+1 -> 15 | B53: Зоорийн хана полистрол бетон хавтангаар дулаалах ([k1=0.85]) | C53: 0.05 | D53: =+C53*$D$38 -> 0.0030605368 | E53: 1 | F53: 1 | G53: 1 | H53: 1 | I53: 1 | J53: 1 | K53: 1 | L53: 1 | M53: 1 | N53: 1 | O53: 1 | P53: 1 | Q53: 1 | R53: 1 | S53: 1 | T53: 1 | U53: 1 | V53: 1 | W53: 1 | X53: 1
A54: =+A53+1 -> 16 | B54: Зоорийн ханын гадаргууд ус тусгаарлагчийг битум түрхлэгээр 2 үе хийх ([k1=0.9]) | C54: 0.01 | D54: =+C54*$D$38 -> 0.00061210736 | E54: 1 | F54: 1 | G54: 1 | H54: 1 | I54: 1 | J54: 1 | K54: 1 | L54: 1 | M54: 1 | N54: 1 | O54: 1 | P54: 1 | Q54: 1 | R54: 1 | S54: 1 | T54: 1 | U54: 1 | V54: 1 | W54: 1 | X54: 1
A55: =+A54+1 -> 17 | B55: Зоорийн ханын ус тусгаарлалт геоплантер хийх б-8мм ([k1=0.6], [k2=0.6]) | C55: 0.01 | D55: =+C55*$D$38 -> 0.00061210736 | E55: 1 | F55: 1 | G55: 1 | H55: 1 | I55: 1 | J55: 1 | K55: 1 | L55: 1 | M55: 1 | N55: 1 | O55: 1 | P55: 1 | Q55: 1 | R55: 1 | S55: 1 | T55: 1 | U55: 1 | V55: 1 | W55: 1 | X55: 1
A56: =+A55+1 -> 18 | B56: Бохир усны сувгийн бетон цутгах б-0.1м, В10 ([k1=0.8]) | C56: 0.005 | D56: =+C56*$D$38 -> 0.00030605368
A57: =+A56+1 -> 19 | B57: 150-200 мм хүртэл зузаантай сувгийн бетон хана цутгах ([k1=2]) | C57: 0.01 | D57: =+C57*$D$38 -> 0.00061210736
A58: =+A57+1 -> 20 | B58: Гараашийн шаланд төмөр сараалж хийж угсрах | C58: 0.005 | D58: =+C58*$D$38 -> 0.00030605368
A59: =+A58+1 -> 21 | B59: Сараалж тосон будгаар 2 удаа будах | C59: 0.005 | D59: =+C59*$D$38 -> 0.00030605368
A60: =+A59+1 -> 22 | B60: Зоорийн таазанд шүршдэг хөөсөөр дуу тусгаарлалт хийх | C60: 0.05 | D60: =+C60*$D$38 -> 0.0030605368
A61: =+A60+1 -> 23 | B61: Зоорийн таазыг шүршдэг чулуун эмульсээр будах | C61: 0.02 | D61: =+C61*$D$38 -> 0.0012242147
A62: 3 | B62: ТӨМӨР БЕТОН РАМЫН АЖИЛ | D62: =+'[2]Construction-87'!$L$58 -> 0.24247768
A63: 3.1 | B63: 1-р давхар цутгалт | C63: =+SUM(C64:C73) -> 1 | D63: =+D62/10 -> 0.024247768
A64: 1 | B64: 3м хүртэл өндөр 300мм хүртэл зузаан төмөр бетон хана цутгах В25 ([k1=0.9]) | C64: 0.43 | D64: =+C64*$D$63 -> 0.01042654
A65: =+A64+1 -> 2 | B65: Ханын арматурчлал хийх | C65: 0.15 | D65: =+C65*$D$63 -> 0.0036371651
A66: 2 | B66: Төмөр бетон хүчилт цутгах В25 ([k1=0.9]) | C66: 0.2 | D66: =+C66*$D$63 -> 0.0048495535
A67: =+A66+1 -> 3 | B67: Хучилтын арматурчлал хийх | C67: 0.14 | D67: =+C67*$D$63 -> 0.0033946875
A68: 3 | B68: Парпетны төмөр бетон хана цутгах В25 ([k1=0.9]) | C68: 0.01 | D68: =+C68*$D$63 -> 0.00024247768
A69: =+A68+1 -> 4 | B69: Парпетны төмөр бетон хана арматурчлал хийх | C69: 0.005 | D69: =+C69*$D$63 -> 0.00012123884
A70: 4 | B70: Шатны дам нуруу цутгах В25 ([k1=0.8]) | C70: 0.01 | D70: =+C70*$D$63 -> 0.00024247768
A71: =+A70+1 -> 5 | B71: Шатны дам нуруу арматурчлах | C71: 0.005 | D71: =+C71*$D$63 -> 0.00012123884
A72: 5 | B72: Шатны төмөр бетон гишгүүр чигжиж цутгах В25 ([k1=0.8], [k2=0.8]) | C72: 0.04 | D72: =+C72*$D$63 -> 0.0009699107
A73: =+A72+1 -> 6 | B73: Шатны төмөр бетон гишгүүр чигжиж арматурчлах | C73: 0.01 | D73: =+C73*$D$63 -> 0.00024247768
A74: 3.2 | B74: 2-р давхар цутгалт | C74: =+SUM(C75:C84) -> 1 | D74: =+D63 -> 0.024247768
A75: 1 | B75: 3м хүртэл өндөр 300мм хүртэл зузаан төмөр бетон хана цутгах В25 ([k1=0.9]) | C75: 0.43 | D75: =+C75*$D$63 -> 0.01042654
A76: =+A75+1 -> 2 | B76: Ханын арматурчлал хийх | C76: 0.15 | D76: =+C76*$D$63 -> 0.0036371651
A77: 2 | B77: Төмөр бетон хүчилт цутгах В25 ([k1=0.9]) | C77: 0.2 | D77: =+C77*$D$63 -> 0.0048495535
A78: =+A77+1 -> 3 | B78: Хучилтын арматурчлал хийх | C78: 0.14 | D78: =+C78*$D$63 -> 0.0033946875
A79: 3 | B79: Парпетны төмөр бетон хана цутгах В25 ([k1=0.9]) | C79: 0.01 | D79: =+C79*$D$63 -> 0.00024247768
A80: =+A79+1 -> 4 | B80: Парпетны төмөр бетон хана арматурчлал хийх | C80: 0.005 | D80: =+C80*$D$63 -> 0.00012123884
A81: 4 | B81: Шатны дам нуруу цутгах В25 ([k1=0.8]) | C81: 0.01 | D81: =+C81*$D$63 -> 0.00024247768
A82: =+A81+1 -> 5 | B82: Шатны дам нуруу арматурчлах | C82: 0.005 | D82: =+C82*$D$63 -> 0.00012123884
A83: 5 | B83: Шатны төмөр бетон гишгүүр чигжиж цутгах В25 ([k1=0.8], [k2=0.8]) | C83: 0.04 | D83: =+C83*$D$63 -> 0.0009699107
A84: =+A83+1 -> 6 | B84: Шатны төмөр бетон гишгүүр чигжиж арматурчлах | C84: 0.01 | D84: =+C84*$D$63 -> 0.00024247768
A85: 3.3 | B85: 3-р давхар цутгалт | C85: =+SUM(C86:C95) -> 1 | D85: =+D74 -> 0.024247768
A86: 1 | B86: 3м хүртэл өндөр 300мм хүртэл зузаан төмөр бетон хана цутгах В25 ([k1=0.9]) | C86: 0.43 | D86: =+C86*$D$63 -> 0.01042654
A87: =+A86+1 -> 2 | B87: Ханын арматурчлал хийх | C87: 0.15 | D87: =+C87*$D$63 -> 0.0036371651
A88: 2 | B88: Төмөр бетон хүчилт цутгах В25 ([k1=0.9]) | C88: 0.2 | D88: =+C88*$D$63 -> 0.0048495535
A89: =+A88+1 -> 3 | B89: Хучилтын арматурчлал хийх | C89: 0.14 | D89: =+C89*$D$63 -> 0.0033946875
A90: 3 | B90: Парпетны төмөр бетон хана цутгах В25 ([k1=0.9]) | C90: 0.01 | D90: =+C90*$D$63 -> 0.00024247768
A91: =+A90+1 -> 4 | B91: Парпетны төмөр бетон хана арматурчлал хийх | C91: 0.005 | D91: =+C91*$D$63 -> 0.00012123884
A92: 4 | B92: Шатны дам нуруу цутгах В25 ([k1=0.8]) | C92: 0.01 | D92: =+C92*$D$63 -> 0.00024247768
A93: =+A92+1 -> 5 | B93: Шатны дам нуруу арматурчлах | C93: 0.005 | D93: =+C93*$D$63 -> 0.00012123884
A94: 5 | B94: Шатны төмөр бетон гишгүүр чигжиж цутгах В25 ([k1=0.8], [k2=0.8]) | C94: 0.04 | D94: =+C94*$D$63 -> 0.0009699107
A95: =+A94+1 -> 6 | B95: Шатны төмөр бетон гишгүүр чигжиж арматурчлах | C95: 0.01 | D95: =+C95*$D$63 -> 0.00024247768
A96: 3.4 | B96: 4-р давхар цутгалт | C96: =+SUM(C97:C106) -> 0 | D96: =+D85 -> 0.024247768
A97: 3.5 | B97: 5-р давхар цутгалт | C97: =+SUM(C98:C107) -> 0 | D97: =+D96 -> 0.024247768
A98: 3.6 | B98: 6-р давхар цутгалт | C98: =+SUM(C99:C108) -> 0 | D98: =+D97 -> 0.024247768
A99: 3.7 | B99: 7-р давхар цутгалт | C99: =+SUM(C100:C109) -> 0 | D99: =+D98 -> 0.024247768
A100: 3.8 | B100: 8-р давхар цутгалт | C100: =+SUM(C101:C110) -> 0 | D100: =+D99 -> 0.024247768
A101: 3.9 | B101: 9-р давхар цутгалт | C101: 0 | D101: =+D100 -> 0.024247768
A102: 3.1 | B102: Техникийн давхар цутгалт | C102: 0 | D102: =+D101 -> 0.024247768
...

Sheet БАГЦ-1 2026
A2: БАГЦ 1 БАРИЛГА УГСРАЛТЫН ГҮЙЦЭТГЭЛ
E3: Байгууллага | G3: "Сэлбэ хорин минутын хот корпорац"ХХК | L3: Шифр
E4: Харьяалах газар | G4: БАГЦ-1 | L4: Хувилбар, №
E5: Баримт бичгийн нэр | G5: Талбайн мэдээлэл | L5: Батлагдсан огноо
A7: № | B7: Ажил | C7: Хувийн жин | E7: Ажил гүйцэтгэл (12 барилга) | Y7: Хийгдсэн гүйцэтгэл | Z7: Дутуу гүйцэтгэл
E8: 71 айл 9 давхар | Q8: 117 айл 12 давхар
E9: 5/1 барилга | F9: 5/2 барилга | G9: 5/3 барилга | H9: 5/4 барилга | I9: 5/5 барилга | J9: 5/6 барилга | K9: 5/7 барилга | L9: 5/8 барилга | M9: 5/9 барилга | N9: 5/10 барилга | O9: 5/11 барилга | P9: 5/12 барилга | Q9: 29/1 барилга | R9: 29/2 барилга | S9: 29/3 барилга | T9: 29/4 барилга | U9: 29/5 барилга | V9: 29/6 барилга | W9: 29/7 барилга | X9: 29/8 барилга
A10: A. Бэлтгэл ажил | C10: =+SUM(C11:C18) -> 1 | D10: =+SUM(D11:D18) -> 1
A11: 1 | B11: Талбайн түр хашаа барих | C11: 0.1 | D11: 0.1 | E11: 1 | F11: 1 | G11: 1 | H11: 1 | I11: 1 | J11: 1 | K11: 1 | L11: 1 | M11: 1 | N11: 1 | O11: 1 | P11: 1 | Q11: 1 | R11: 1 | S11: 1 | T11: 1 | U11: 1 | V11: 1 | W11: 1 | X11: 1
A12: 2 | B12: Талбайн гэрэлтүүлэг | C12: 0.15 | D12: 0.15 | E12: 1 | F12: 1 | G12: 1 | H12: 1 | I12: 1 | J12: 1 | K12: 1 | L12: 1 | M12: 1 | N12: 1 | O12: 1 | P12: 1 | Q12: 1 | R12: 1 | S12: 1 | T12: 1 | U12: 1 | V12: 1 | W12: 1 | X12: 1
A13: 3 | B13: Талбайн камер | C13: 0.15 | D13: 0.15 | E13: 1 | F13: 1 | G13: 1 | H13: 1 | I13: 1 | J13: 1 | K13: 1 | L13: 1 | M13: 1 | N13: 1 | O13: 1 | P13: 1 | Q13: 1 | R13: 1 | S13: 1 | T13: 1 | U13: 1 | V13: 1 | W13: 1 | X13: 1
A14: 4 | B14: Харуул хамгаалалт | C14: 0.15 | D14: 0.15 | E14: 1 | F14: 1 | G14: 1 | H14: 1 | I14: 1 | J14: 1 | K14: 1 | L14: 1 | M14: 1 | N14: 1 | O14: 1 | P14: 1 | Q14: 1 | R14: 1 | S14: 1 | T14: 1 | U14: 1 | V14: 1 | W14: 1 | X14: 1
A15: 5 | B15: Түр цахилгаан хангамж | C15: 0.1 | D15: 0.1 | E15: 1 | F15: 1 | G15: 1 | H15: 1 | I15: 1 | J15: 1 | K15: 1 | L15: 1 | M15: 1 | N15: 1 | O15: 1 | P15: 1 | Q15: 1 | R15: 1 | S15: 1 | T15: 1 | U15: 1 | V15: 1 | W15: 1 | X15: 1
A16: 6 | B16: Түр барилга байгууламж | C16: 0.15 | D16: 0.15 | E16: 1 | F16: 1 | G16: 1 | H16: 1 | I16: 1 | J16: 1 | K16: 1 | L16: 1 | M16: 1 | N16: 1 | O16: 1 | P16: 1 | Q16: 1 | R16: 1 | S16: 1 | T16: 1 | U16: 1 | V16: 1 | W16: 1 | X16: 1
A17: 7 | B17: Түр зам засах /Тэгшилгээ/ | C17: 0.1 | D17: 0.1 | E17: 1 | F17: 1 | G17: 1 | H17: 1 | I17: 1 | J17: 1 | K17: 1 | L17: 1 | M17: 1 | N17: 1 | O17: 1 | P17: 1 | Q17: 1 | R17: 1 | S17: 1 | T17: 1 | U17: 1 | V17: 1 | W17: 1 | X17: 1
A18: 8 | B18: Кран угсрах | C18: 0.1 | D18: 0.1 | E18: 1 | F18: 1 | G18: 1 | H18: 1 | I18: 1 | J18: 1 | K18: 1 | L18: 1 | M18: 1 | N18: 1 | O18: 1 | P18: 1 | Q18: 1 | R18: 1 | S18: 1 | T18: 1 | U18: 1 | V18: 1 | W18: 1 | X18: 1
A19: Б. БАРИЛГА УГСРАЛТЫН АЖИЛ | D19: =+D20+D111+D112+D113+D114 -> 1 | E19: =+$D20*E20+$D111*E111+$D112*E112+$D113*E113+$D114*E114 -> 0.18797245 | F19: =+$D20*F20+$D111*F111+$D112*F112+$D113*F113+$D114*F114 -> 0.18797245 | G19: =+$D20*G20+$D111*G111+$D112*G112+$D113*G113+$D114*G114 -> 0.18797245 | H19: =+$D20*H20+$D111*H111+$D112*H112+$D113*H113+$D114*H114 -> 0.18797245 | I19: =+$D20*I20+$D111*I111+$D112*I112+$D113*I113+$D114*I114 -> 0.18797245 | J19: =+$D20*J20+$D111*J111+$D112*J112+$D113*J113+$D114*J114 -> 0.18797245 | K19: =+$D20*K20+$D111*K111+$D112*K112+$D113*K113+$D114*K114 -> 0.18797245 | L19: =+$D20*L20+$D111*L111+$D112*L112+$D113*L113+$D114*L114 -> 0.18797245 | ... X19: =+$D20*X20+$D111*X111+$D112*X112+$D113*X113+$D114*X114 -> 0.18797245
A20: Б1 | B20: БАРИЛГЫН АЖИЛ | D20: =+D21+D38+D62+D103+D104+D105+D106+D107+D108+D109+D110 -> 0.7829387 | E20: =+(+$D21*E21+$D38*E38+$D62*E62+$D103*E103+$D104*E104+$D105*E105+$D106*E106+$D107*E107+$D108*E108+$D109*E109+$D110*E110)/$D20 -> 0.24008578 | F20: =+(+$D21*F21+$D38*F38+$D62*F62+$D103*F103+$D104*F104+$D105*F105+$D106*F106+$D107*F107+$D108*F108+$D109*F109+$D110*F110)/$D20 -> 0.24008578 | G20: =+(+$D21*G21+$D38*G38+$D62*G62+$D103*G103+$D104*G104+$D105*G105+$D106*G106+$D107*G107+$D108*G108+$D109*G109+$D110*G110)/$D20 -> 0.24008578 | H20: =+(+$D21*H21+$D38*H38+$D62*H62+$D103*H103+$D104*H104+$D105*H105+$D106*H106+$D107*H107+$D108*H108+$D109*H109+$D110*H110)/$D20 -> 0.24008578 | I20: =+(+$D21*I21+$D38*I38+$D62*I62+$D103*I103+$D104*I104+$D105*I105+$D106*I106+$D107*I107+$D108*I108+$D109*I109+$D110*I110)/$D20 -> 0.24008578 | J20: =+(+$D21*J21+$D38*J38+$D62*J62+$D103*J103+$D104*J104+$D105*J105+$D106*J106+$D107*J107+$D108*J108+$D109*J109+$D110*J110)/$D20 -> 0.24008578 | K20: =+(+$D21*K21+$D38*K38+$D62*K62+$D103*K103+$D104*K104+$D105*K105+$D106*K106+$D107*K107+$D108*K108+$D109*K109+$D110*K110)/$D20 -> 0.24008578 | L20: =+(+$D21*L21+$D38*L38+$D62*L62+$D103*L103+$D104*L104+$D105*L105+$D106*L106+$D107*L107+$D108*L108+$D109*L109+$D110*L110)/$D20 -> 0.24008578 | ... X20: =+(+$D21*X21+$D38*X38+$D62*X62+$D103*X103+$D104*X104+$D105*X105+$D106*X106+$D107*X107+$D108*X108+$D109*X109+$D110*X110)/$D20 -> 0.24008578
A21: 1 | B21: ГАЗАР ШОРООНЫ АЖИЛ | D21: =+'[2]Construction-87'!$L$16 -> 0.022770818 | E21: =+(E22*$D22+$D29*E29+$D33*E33)/$D21 -> 0.4 | F21: =+(F22*$D22+$D29*F29+$D33*F33)/$D21 -> 0.4 | G21: =+(G22*$D22+$D29*G29+$D33*G33)/$D21 -> 0.4 | H21: =+(H22*$D22+$D29*H29+$D33*H33)/$D21 -> 0.4 | I21: =+(I22*$D22+$D29*I29+$D33*I33)/$D21 -> 0.4 | J21: =+(J22*$D22+$D29*J29+$D33*J33)/$D21 -> 0.4 | K21: =+(K22*$D22+$D29*K29+$D33*K33)/$D21 -> 0.4 | L21: =+(L22*$D22+$D29*L29+$D33*L33)/$D21 -> 0.4 | ... X21: =+(X22*$D22+$D29*X29+$D33*X33)/$D21 -> 0.4
A22: 1.1 | B22: Суурь ухлагын ажил | C22: =+SUM(C23:C28) -> 1 | D22: =+D21*40% -> 0.0091083272 | E22: =+SUMPRODUCT($C23:$C28,E23:E28) -> 1 | F22: =+SUMPRODUCT($C23:$C28,F23:F28) -> 1 | G22: =+SUMPRODUCT($C23:$C28,G23:G28) -> 1 | H22: =+SUMPRODUCT($C23:$C28,H23:H28) -> 1 | I22: =+SUMPRODUCT($C23:$C28,I23:I28) -> 1 | J22: =+SUMPRODUCT($C23:$C28,J23:J28) -> 1 | K22: =+SUMPRODUCT($C23:$C28,K23:K28) -> 1 | L22: =+SUMPRODUCT($C23:$C28,L23:L28) -> 1 | ... X22: =+SUMPRODUCT($C23:$C28,X23:X28) -> 1
A23: 1 | B23: Улаан шугамыг шалгаж,тэг тэнхлэг тавих | C23: 0.05 | D23: =+C23*$D$22 -> 0.00045541636 | E23: 1 | F23: 1 | G23: 1 | H23: 1 | I23: 1 | J23: 1 | K23: 1 | L23: 1 | M23: 1 | N23: 1 | O23: 1 | P23: 1 | Q23: 1 | R23: 1 | S23: 1 | T23: 1 | U23: 1 | V23: 1 | W23: 1 | X23: 1
A24: 2 | B24: Суурийн нүх ухах | C24: 0.6 | D24: =+C24*$D$22 -> 0.0054649963 | E24: 1 | F24: 1 | G24: 1 | H24: 1 | I24: 1 | J24: 1 | K24: 1 | L24: 1 | M24: 1 | N24: 1 | O24: 1 | P24: 1 | Q24: 1 | R24: 1 | S24: 1 | T24: 1 | U24: 1 | V24: 1 | W24: 1 | X24: 1
A25: 3 | B25: Суурь нээсэн хөрсний дүгнэлт үйлдэх | C25: 0.05 | D25: =+C25*$D$22 -> 0.00045541636 | E25: 1 | F25: 1 | G25: 1 | H25: 1 | I25: 1 | J25: 1 | K25: 1 | L25: 1 | M25: 1 | N25: 1 | O25: 1 | P25: 1 | Q25: 1 | R25: 1 | S25: 1 | T25: 1 | U25: 1 | V25: 1 | W25: 1 | X25: 1
A26: 4 | B26: Гар тэгшилгээ | C26: 0.1 | D26: =+C26*$D$22 -> 0.00091083272 | E26: 1 | F26: 1 | G26: 1 | H26: 1 | I26: 1 | J26: 1 | K26: 1 | L26: 1 | M26: 1 | N26: 1 | O26: 1 | P26: 1 | Q26: 1 | R26: 1 | S26: 1 | T26: 1 | U26: 1 | V26: 1 | W26: 1 | X26: 1
A27: 5 | B27: Буурь хөрсний нягтруулалт | C27: 0.15 | D27: =+C27*$D$22 -> 0.0013662491 | E27: 1 | F27: 1 | G27: 1 | H27: 1 | I27: 1 | J27: 1 | K27: 1 | L27: 1 | M27: 1 | N27: 1 | O27: 1 | P27: 1 | Q27: 1 | R27: 1 | S27: 1 | T27: 1 | U27: 1 | V27: 1 | W27: 1 | X27: 1
A28: 6 | B28: Буурь хөрсний нягтруулалтын тест | C28: 0.05 | D28: =+C28*$D$22 -> 0.00045541636 | E28: 1 | F28: 1 | G28: 1 | H28: 1 | I28: 1 | J28: 1 | K28: 1 | L28: 1 | M28: 1 | N28: 1 | O28: 1 | P28: 1 | Q28: 1 | R28: 1 | S28: 1 | T28: 1 | U28: 1 | V28: 1 | W28: 1 | X28: 1
A29: 1.2 | B29: Суурь буцаан булалтын ажил | C29: =+SUM(C30:C32) -> 1 | D29: =+D21*25% -> 0.0056927045
A30: 1 | B30: Бульдозероор суурийн хажуугаар хөрсөөр булах | C30: 0.5 | D30: =+C30*$D$29 -> 0.0028463522 | E30: 1 | F30: 1 | G30: 1 | H30: 1 | I30: 1 | J30: 1 | K30: 1 | L30: 1 | M30: 1 | N30: 1 | O30: 1 | P30: 1 | Q30: 1 | R30: 1 | S30: 1 | T30: 1 | U30: 1 | V30: 1 | W30: 1 | X30: 1
A31: 2 | B31: Суурийн шороог гараар булах | C31: 0.2 | D31: =+C31*$D$29 -> 0.0011385409 | E31: 1 | F31: 1 | G31: 1 | H31: 1 | I31: 1 | J31: 1 | K31: 1 | L31: 1 | M31: 1 | N31: 1 | O31: 1 | P31: 1 | Q31: 1 | R31: 1 | S31: 1 | T31: 1 | U31: 1 | V31: 1 | W31: 1 | X31: 1
A32: 3 | B32: Нягтруулах | C32: 0.3 | D32: =+C32*$D$29 -> 0.0017078113 | E32: 1 | F32: 1 | G32: 1 | H32: 1 | I32: 1 | J32: 1 | K32: 1 | L32: 1 | M32: 1 | N32: 1 | O32: 1 | P32: 1 | Q32: 1 | R32: 1 | S32: 1 | T32: 1 | U32: 1 | V32: 1 | W32: 1 | X32: 1
A33: 1.3 | B33: Бусад газар шорооны ажил | C33: =+SUM(C34:C37) -> 1 | D33: =+D21-D22-D29 -> 0.0079697863
A34: 1 | B34: Шалан доор шороо хийж нягтруулах | C34: 0.1 | D34: =+C34*$D$33 -> 0.00079697863 | E34: 1 | F34: 1 | G34: 1 | H34: 1 | I34: 1 | J34: 1 | K34: 1 | L34: 1 | M34: 1 | N34: 1 | O34: 1 | P34: 1 | Q34: 1 | R34: 1 | S34: 1 | T34: 1 | U34: 1 | V34: 1 | W34: 1 | X34: 1
A35: 2 | B35: Гадна довжоон доор шороо хийж нягтруулах ([k1=0.9]) | C35: 0.02 | D35: =+C35*$D$33 -> 0.00015939573 | E35: 1 | F35: 1 | G35: 1 | H35: 1 | I35: 1 | J35: 1 | K35: 1 | L35: 1 | M35: 1 | N35: 1 | O35: 1 | P35: 1 | Q35: 1 | R35: 1 | S35: 1 | T35: 1 | U35: 1 | V35: 1 | W35: 1 | X35: 1
A36: 3 | B36: Бетон хаяавчин доор шороо хийж нягтруулах ([k1=0.9]) | C36: 0.05 | D36: =+C36*$D$33 -> 0.00039848931 | E36: 1 | F36: 1 | G36: 1 | H36: 1 | I36: 1 | J36: 1 | K36: 1 | L36: 1 | M36: 1 | N36: 1 | O36: 1 | P36: 1 | Q36: 1 | R36: 1 | S36: 1 | T36: 1 | U36: 1 | V36: 1 | W36: 1 | X36: 1
A37: 4 | B37: Хүнхээлээс ус татах | C37: 0.83 | D37: =+C37*$D$33 -> 0.0066149226 | E37: 1 | F37: 1 | G37: 1 | H37: 1 | I37: 1 | J37: 1 | K37: 1 | L37: 1 | M37: 1 | N37: 1 | O37: 1 | P37: 1 | Q37: 1 | R37: 1 | S37: 1 | T37: 1 | U37: 1 | V37: 1 | W37: 1 | X37: 1
A38: 2 | B38: СУУРИЙН АЖИЛ | C38: =+SUM(C39:C61) -> 1 | D38: =+'[2]Construction-87'!$L$42 -> 0.061210736
A39: 1 | B39: Ус чийг тусгаарлагч дэвсэх /Плёнка/ | C39: 0.005 | D39: =+C39*$D$38 -> 0.00030605368 | E39: 1 | F39: 1 | G39: 1 | H39: 1 | I39: 1 | J39: 1 | K39: 1 | L39: 1 | M39: 1 | N39: 1 | O39: 1 | P39: 1 | Q39: 1 | R39: 1 | S39: 1 | T39: 1 | U39: 1 | V39: 1 | W39: 1 | X39: 1
A40: =+A39+1 -> 2 | B40: Хэв хашмал угсрах /150 мм/ | C40: 0.01 | D40: =+C40*$D$38 -> 0.00061210736 | E40: 1 | F40: 1 | G40: 1 | H40: 1 | I40: 1 | J40: 1 | K40: 1 | L40: 1 | M40: 1 | N40: 1 | O40: 1 | P40: 1 | Q40: 1 | R40: 1 | S40: 1 | T40: 1 | U40: 1 | V40: 1 | W40: 1 | X40: 1
A41: =+A40+1 -> 3 | B41: Бэлтгэл бетон цутгах /150мм/ W10- Ус тусгаарлагч нэмэлт | C41: 0.025 | D41: =+C41*$D$38 -> 0.0015302684 | E41: 1 | F41: 1 | G41: 1 | H41: 1 | I41: 1 | J41: 1 | K41: 1 | L41: 1 | M41: 1 | N41: 1 | O41: 1 | P41: 1 | Q41: 1 | R41: 1 | S41: 1 | T41: 1 | U41: 1 | V41: 1 | W41: 1 | X41: 1
A42: =+A41+1 -> 4 | B42: Хавтан суурийн хэмжээ тавих | C42: 0.005 | D42: =+C42*$D$38 -> 0.00030605368 | E42: 1 | F42: 1 | G42: 1 | H42: 1 | I42: 1 | J42: 1 | K42: 1 | L42: 1 | M42: 1 | N42: 1 | O42: 1 | P42: 1 | Q42: 1 | R42: 1 | S42: 1 | T42: 1 | U42: 1 | V42: 1 | W42: 1 | X42: 1
A43: =+A42+1 -> 5 | B43: Хавтан суурийн арматурчлах | C43: 0.01 | D43: =+C43*$D$38 -> 0.00061210736 | E43: 1 | F43: 1 | G43: 1 | H43: 1 | I43: 1 | J43: 1 | K43: 1 | L43: 1 | M43: 1 | N43: 1 | O43: 1 | P43: 1 | Q43: 1 | R43: 1 | S43: 1 | T43: 1 | U43: 1 | V43: 1 | W43: 1 | X43: 1
A44: =+A43+1 -> 6 | B44: Сууриас ханын гаргалгаа арматур арматурчилах | C44: 0.005 | D44: =+C44*$D$38 -> 0.00030605368 | E44: 1 | F44: 1 | G44: 1 | H44: 1 | I44: 1 | J44: 1 | K44: 1 | L44: 1 | M44: 1 | N44: 1 | O44: 1 | P44: 1 | Q44: 1 | R44: 1 | S44: 1 | T44: 1 | U44: 1 | V44: 1 | W44: 1 | X44: 1
A45: =+A44+1 -> 7 | B45: Нил суурийн бетон цутгалт хийх | C45: 0.52 | D45: =+C45*$D$38 -> 0.031829582 | E45: 1 | F45: 1 | G45: 1 | H45: 1 | I45: 1 | J45: 1 | K45: 1 | L45: 1 | M45: 1 | N45: 1 | O45: 1 | P45: 1 | Q45: 1 | R45: 1 | S45: 1 | T45: 1 | U45: 1 | V45: 1 | W45: 1 | X45: 1
A46: =+A45+1 -> 8 | B46: Краны суурь цутгах | C46: 0.1 | D46: =+C46*$D$38 -> 0.0061210736 | E46: 1 | F46: 1 | G46: 1 | H46: 1 | I46: 1 | J46: 1 | K46: 1 | L46: 1 | M46: 1 | N46: 1 | O46: 1 | P46: 1 | Q46: 1 | R46: 1 | S46: 1 | T46: 1 | U46: 1 | V46: 1 | W46: 1 | X46: 1
A47: =+A46+1 -> 9 | B47: Ус чийг тусгаарлагч зөөлөвч угсрах /Waterstop/ | C47: 0.015 | D47: =+C47*$D$38 -> 0.00091816103 | E47: 1 | F47: 1 | G47: 1 | H47: 1 | I47: 1 | J47: 1 | K47: 1 | L47: 1 | M47: 1 | N47: 1 | O47: 1 | P47: 1 | Q47: 1 | R47: 1 | S47: 1 | T47: 1 | U47: 1 | V47: 1 | W47: 1 | X47: 1
A48: =+A47+1 -> 10 | B48: Бетон шалны тэгшилгээ хийх В10 ([k1=0.8], [k2=0.7]) | C48: 0.06 | D48: =+C48*$D$38 -> 0.0036726441 | E48: 1 | F48: 1 | G48: 1 | H48: 1 | I48: 1 | J48: 1 | K48: 1 | L48: 1 | M48: 1 | N48: 1 | O48: 1 | P48: 1 | Q48: 1 | R48: 1 | S48: 1 | T48: 1 | U48: 1 | V48: 1 | W48: 1 | X48: 1
A49: =+A48+1 -> 11 | B49: Зоорийн бетон хана дотор талаас нь шавардах ([k1=0.8]) | C49: 0.01 | D49: =+C49*$D$38 -> 0.00061210736 | E49: 1 | F49: 1 | G49: 1 | H49: 1 | I49: 1 | J49: 1 | K49: 1 | L49: 1 | M49: 1 | N49: 1 | O49: 1 | P49: 1 | Q49: 1 | R49: 1 | S49: 1 | T49: 1 | U49: 1 | V49: 1 | W49: 1 | X49: 1
A50: =+A49+1 -> 12 | B50: Зоорийн ханын гадаргууд ус тусгаарлагчийг битум түрхлэгээр 2 үе хийх ([k1=0.8]) | C50: 0.01 | D50: =+C50*$D$38 -> 0.00061210736 | E50: 1 | F50: 1 | G50: 1 | H50: 1 | I50: 1 | J50: 1 | K50: 1 | L50: 1 | M50: 1 | N50: 1 | O50: 1 | P50: 1 | Q50: 1 | R50: 1 | S50: 1 | T50: 1 | U50: 1 | V50: 1 | W50: 1 | X50: 1
A51: =+A50+1 -> 13 | B51: Ус тусгаарлагч туузаар наах | C51: 0.01 | D51: =+C51*$D$38 -> 0.00061210736 | Q51: 1 | R51: 1 | S51: 1 | T51: 1 | U51: 1 | V51: 1 | W51: 1 | X51: 1
A52: =+A51+1 -> 14 | B52: Зоорийн хана XPS d=50mm хөөсөнцөрөөр дулаалах ([k1=0.9]) | C52: 0.05 | D52: =+C52*$D$38 -> 0.0030605368 | E52: 1 | F52: 1 | G52: 1 | H52: 1 | I52: 1 | J52: 1 | K52: 1 | L52: 1 | M52: 1 | N52: 1 | O52: 1 | P52: 1 | Q52: 1 | R52: 1 | S52: 1 | T52: 1 | U52: 1 | V52: 1 | W52: 1 | X52: 1
A53: =+A52+1 -> 15 | B53: Зоорийн хана полистрол бетон хавтангаар дулаалах ([k1=0.85]) | C53: 0.05 | D53: =+C53*$D$38 -> 0.0030605368 | E53: 1 | F53: 1 | G53: 1 | H53: 1 | I53: 1 | J53: 1 | K53: 1 | L53: 1 | M53: 1 | N53: 1 | O53: 1 | P53: 1 | Q53: 1 | R53: 1 | S53: 1 | T53: 1 | U53: 1 | V53: 1 | W53: 1 | X53: 1
A54: =+A53+1 -> 16 | B54: Зоорийн ханын гадаргууд ус тусгаарлагчийг битум түрхлэгээр 2 үе хийх ([k1=0.9]) | C54: 0.01 | D54: =+C54*$D$38 -> 0.00061210736 | E54: 1 | F54: 1 | G54: 1 | H54: 1 | I54: 1 | J54: 1 | K54: 1 | L54: 1 | M54: 1 | N54: 1 | O54: 1 | P54: 1 | Q54: 1 | R54: 1 | S54: 1 | T54: 1 | U54: 1 | V54: 1 | W54: 1 | X54: 1
A55: =+A54+1 -> 17 | B55: Зоорийн ханын ус тусгаарлалт геоплантер хийх б-8мм ([k1=0.6], [k2=0.6]) | C55: 0.01 | D55: =+C55*$D$38 -> 0.00061210736 | E55: 1 | F55: 1 | G55: 1 | H55: 1 | I55: 1 | J55: 1 | K55: 1 | L55: 1 | M55: 1 | N55: 1 | O55: 1 | P55: 1 | Q55: 1 | R55: 1 | S55: 1 | T55: 1 | U55: 1 | V55: 1 | W55: 1 | X55: 1
A56: =+A55+1 -> 18 | B56: Бохир усны сувгийн бетон цутгах б-0.1м, В10 ([k1=0.8]) | C56: 0.005 | D56: =+C56*$D$38 -> 0.00030605368 | E56: 1 | F56: 1 | G56: 1 | H56: 1 | I56: 1 | J56: 1 | K56: 1 | L56: 1 | M56: 1 | N56: 1 | O56: 1 | P56: 1 | Q56: 1 | R56: 1 | S56: 1 | T56: 1 | U56: 1 | V56: 1 | W56: 1 | X56: 1
A57: =+A56+1 -> 19 | B57: 150-200 мм хүртэл зузаантай сувгийн бетон хана цутгах ([k1=2]) | C57: 0.01 | D57: =+C57*$D$38 -> 0.00061210736 | E57: 1 | F57: 1 | G57: 1 | H57: 1 | I57: 1 | J57: 1 | K57: 1 | L57: 1 | M57: 1 | N57: 1 | O57: 1 | P57: 1 | Q57: 1 | R57: 1 | S57: 1 | T57: 1 | U57: 1 | V57: 1 | W57: 1 | X57: 1
A58: =+A57+1 -> 20 | B58: Гараашийн шаланд төмөр сараалж хийж угсрах | C58: 0.005 | D58: =+C58*$D$38 -> 0.00030605368 | E58: 1 | F58: 1 | G58: 1 | H58: 1 | I58: 1 | J58: 1 | K58: 1 | L58: 1 | M58: 1 | N58: 1 | O58: 1 | P58: 1 | Q58: 1 | R58: 1 | S58: 1 | T58: 1 | U58: 1 | V58: 1 | W58: 1 | X58: 1
A59: =+A58+1 -> 21 | B59: Сараалж тосон будгаар 2 удаа будах | C59: 0.005 | D59: =+C59*$D$38 -> 0.00030605368 | E59: 1 | F59: 1 | G59: 1 | H59: 1 | I59: 1 | J59: 1 | K59: 1 | L59: 1 | M59: 1 | N59: 1 | O59: 1 | P59: 1 | Q59: 1 | R59: 1 | S59: 1 | T59: 1 | U59: 1 | V59: 1 | W59: 1 | X59: 1
A60: =+A59+1 -> 22 | B60: Зоорийн таазанд шүршдэг хөөсөөр дуу тусгаарлалт хийх | C60: 0.05 | D60: =+C60*$D$38 -> 0.0030605368 | E60: 1 | F60: 1 | G60: 1 | H60: 1 | I60: 1 | J60: 1 | K60: 1 | L60: 1 | M60: 1 | N60: 1 | O60: 1 | P60: 1 | Q60: 1 | R60: 1 | S60: 1 | T60: 1 | U60: 1 | V60: 1 | W60: 1 | X60: 1
A61: =+A60+1 -> 23 | B61: Зоорийн таазыг шүршдэг чулуун эмульсээр будах | C61: 0.02 | D61: =+C61*$D$38 -> 0.0012242147 | E61: 1 | F61: 1 | G61: 1 | H61: 1 | I61: 1 | J61: 1 | K61: 1 | L61: 1 | M61: 1 | N61: 1 | O61: 1 | P61: 1 | Q61: 1 | R61: 1 | S61: 1 | T61: 1 | U61: 1 | V61: 1 | W61: 1 | X61: 1
A62: 3 | B62: ТӨМӨР БЕТОН РАМЫН АЖИЛ | D62: =+'[2]Construction-87'!$L$58 -> 0.24247768
A63: 3.1 | B63: 1-р давхар цутгалт | C63: =+SUM(C64:C73) -> 1 | D63: =+D62/10 -> 0.024247768
A64: 1 | B64: 3м хүртэл өндөр 300мм хүртэл зузаан төмөр бетон хана цутгах В25 ([k1=0.9]) | C64: 0.43 | D64: =+C64*$D$63 -> 0.01042654 | E64: 1 | F64: 1 | G64: 1 | H64: 1 | I64: 1 | J64: 1 | K64: 1 | L64: 1 | M64: 1 | N64: 1 | O64: 1 | P64: 1 | Q64: 1 | R64: 1 | S64: 1 | T64: 1 | U64: 1 | V64: 1 | W64: 1 | X64: 1
A65: =+A64+1 -> 2 | B65: Ханын арматурчлал хийх | C65: 0.15 | D65: =+C65*$D$63 -> 0.0036371651 | E65: 1 | F65: 1 | G65: 1 | H65: 1 | I65: 1 | J65: 1 | K65: 1 | L65: 1 | M65: 1 | N65: 1 | O65: 1 | P65: 1 | Q65: 1 | R65: 1 | S65: 1 | T65: 1 | U65: 1 | V65: 1 | W65: 1 | X65: 1
A66: 2 | B66: Төмөр бетон хүчилт цутгах В25 ([k1=0.9]) | C66: 0.2 | D66: =+C66*$D$63 -> 0.0048495535 | E66: 1 | F66: 1 | G66: 1 | H66: 1 | I66: 1 | J66: 1 | K66: 1 | L66: 1 | M66: 1 | N66: 1 | O66: 1 | P66: 1 | Q66: 1 | R66: 1 | S66: 1 | T66: 1 | U66: 1 | V66: 1 | W66: 1 | X66: 1
A67: =+A66+1 -> 3 | B67: Хучилтын арматурчлал хийх | C67: 0.14 | D67: =+C67*$D$63 -> 0.0033946875 | E67: 1 | F67: 1 | G67: 1 | H67: 1 | I67: 1 | J67: 1 | K67: 1 | L67: 1 | M67: 1 | N67: 1 | O67: 1 | P67: 1 | Q67: 1 | R67: 1 | S67: 1 | T67: 1 | U67: 1 | V67: 1 | W67: 1 | X67: 1
A68: 3 | B68: Парпетны төмөр бетон хана цутгах В25 ([k1=0.9]) | C68: 0.01 | D68: =+C68*$D$63 -> 0.00024247768 | E68: 1 | F68: 1 | G68: 1 | H68: 1 | I68: 1 | J68: 1 | K68: 1 | L68: 1 | M68: 1 | N68: 1 | O68: 1 | P68: 1 | Q68: 1 | R68: 1 | S68: 1 | T68: 1 | U68: 1 | V68: 1 | W68: 1 | X68: 1
A69: =+A68+1 -> 4 | B69: Парпетны төмөр бетон хана арматурчлал хийх | C69: 0.005 | D69: =+C69*$D$63 -> 0.00012123884 | E69: 1 | F69: 1 | G69: 1 | H69: 1 | I69: 1 | J69: 1 | K69: 1 | L69: 1 | M69: 1 | N69: 1 | O69: 1 | P69: 1 | Q69: 1 | R69: 1 | S69: 1 | T69: 1 | U69: 1 | V69: 1 | W69: 1 | X69: 1
A70: 4 | B70: Шатны дам нуруу цутгах В25 ([k1=0.8]) | C70: 0.01 | D70: =+C70*$D$63 -> 0.00024247768 | E70: 1 | F70: 1 | G70: 1 | H70: 1 | I70: 1 | J70: 1 | K70: 1 | L70: 1 | M70: 1 | N70: 1 | O70: 1 | P70: 1 | Q70: 1 | R70: 1 | S70: 1 | T70: 1 | U70: 1 | V70: 1 | W70: 1 | X70: 1
A71: =+A70+1 -> 5 | B71: Шатны дам нуруу арматурчлах | C71: 0.005 | D71: =+C71*$D$63 -> 0.00012123884 | E71: 1 | F71: 1 | G71: 1 | H71: 1 | I71: 1 | J71: 1 | K71: 1 | L71: 1 | M71: 1 | N71: 1 | O71: 1 | P71: 1 | Q71: 1 | R71: 1 | S71: 1 | T71: 1 | U71: 1 | V71: 1 | W71: 1 | X71: 1
A72: 5 | B72: Шатны төмөр бетон гишгүүр чигжиж цутгах В25 ([k1=0.8], [k2=0.8]) | C72: 0.04 | D72: =+C72*$D$63 -> 0.0009699107 | E72: 1 | F72: 1 | G72: 1 | H72: 1 | I72: 1 | J72: 1 | K72: 1 | L72: 1 | M72: 1 | N72: 1 | O72: 1 | P72: 1 | Q72: 1 | R72: 1 | S72: 1 | T72: 1 | U72: 1 | V72: 1 | W72: 1 | X72: 1
A73: =+A72+1 -> 6 | B73: Шатны төмөр бетон гишгүүр чигжиж арматурчлах | C73: 0.01 | D73: =+C73*$D$63 -> 0.00024247768 | E73: 1 | F73: 1 | G73: 1 | H73: 1 | I73: 1 | J73: 1 | K73: 1 | L73: 1 | M73: 1 | N73: 1 | O73: 1 | P73: 1 | Q73: 1 | R73: 1 | S73: 1 | T73: 1 | U73: 1 | V73: 1 | W73: 1 | X73: 1
A74: 3.2 | B74: 2-р давхар цутгалт | C74: =+SUM(C75:C84) -> 1 | D74: =+D63 -> 0.024247768
A75: 1 | B75: 3м хүртэл өндөр 300мм хүртэл зузаан төмөр бетон хана цутгах В25 ([k1=0.9]) | C75: 0.43 | D75: =+C75*$D$63 -> 0.01042654 | E75: 1 | F75: 1 | G75: 1 | H75: 1 | I75: 1 | J75: 1 | K75: 1 | L75: 1 | M75: 1 | N75: 1 | O75: 1 | P75: 1 | Q75: 1 | R75: 1 | S75: 1 | T75: 1 | U75: 1 | V75: 1 | W75: 1 | X75: 1
A76: =+A75+1 -> 2 | B76: Ханын арматурчлал хийх | C76: 0.15 | D76: =+C76*$D$63 -> 0.0036371651 | E76: 1 | F76: 1 | G76: 1 | H76: 1 | I76: 1 | J76: 1 | K76: 1 | L76: 1 | M76: 1 | N76: 1 | O76: 1 | P76: 1 | Q76: 1 | R76: 1 | S76: 1 | T76: 1 | U76: 1 | V76: 1 | W76: 1 | X76: 1
A77: 2 | B77: Төмөр бетон хүчилт цутгах В25 ([k1=0.9]) | C77: 0.2 | D77: =+C77*$D$63 -> 0.0048495535 | E77: 1 | F77: 1 | G77: 1 | H77: 1 | I77: 1 | J77: 1 | K77: 1 | L77: 1 | M77: 1 | N77: 1 | O77: 1 | P77: 1 | Q77: 1 | R77: 1 | S77: 1 | T77: 1 | U77: 1 | V77: 1 | W77: 1 | X77: 1
A78: =+A77+1 -> 3 | B78: Хучилтын арматурчлал хийх | C78: 0.14 | D78: =+C78*$D$63 -> 0.0033946875 | E78: 1 | F78: 1 | G78: 1 | H78: 1 | I78: 1 | J78: 1 | K78: 1 | L78: 1 | M78: 1 | N78: 1 | O78: 1 | P78: 1 | Q78: 1 | R78: 1 | S78: 1 | T78: 1 | U78: 1 | V78: 1 | W78: 1 | X78: 1
A79: 3 | B79: Парпетны төмөр бетон хана цутгах В25 ([k1=0.9]) | C79: 0.01 | D79: =+C79*$D$63 -> 0.00024247768 | E79: 1 | F79: 1 | G79: 1 | H79: 1 | I79: 1 | J79: 1 | K79: 1 | L79: 1 | M79: 1 | N79: 1 | O79: 1 | P79: 1 | Q79: 1 | R79: 1 | S79: 1 | T79: 1 | U79: 1 | V79: 1 | W79: 1 | X79: 1
A80: =+A79+1 -> 4 | B80: Парпетны төмөр бетон хана арматурчлал хийх | C80: 0.005 | D80: =+C80*$D$63 -> 0.00012123884 | E80: 1 | F80: 1 | G80: 1 | H80: 1 | I80: 1 | J80: 1 | K80: 1 | L80: 1 | M80: 1 | N80: 1 | O80: 1 | P80: 1 | Q80: 1 | R80: 1 | S80: 1 | T80: 1 | U80: 1 | V80: 1 | W80: 1 | X80: 1
A81: 4 | B81: Шатны дам нуруу цутгах В25 ([k1=0.8]) | C81: 0.01 | D81: =+C81*$D$63 -> 0.00024247768 | E81: 1 | F81: 1 | G81: 1 | H81: 1 | I81: 1 | J81: 1 | K81: 1 | L81: 1 | M81: 1 | N81: 1 | O81: 1 | P81: 1 | Q81: 1 | R81: 1 | S81: 1 | T81: 1 | U81: 1 | V81: 1 | W81: 1 | X81: 1
A82: =+A81+1 -> 5 | B82: Шатны дам нуруу арматурчлах | C82: 0.005 | D82: =+C82*$D$63 -> 0.00012123884 | E82: 1 | F82: 1 | G82: 1 | H82: 1 | I82: 1 | J82: 1 | K82: 1 | L82: 1 | M82: 1 | N82: 1 | O82: 1 | P82: 1 | Q82: 1 | R82: 1 | S82: 1 | T82: 1 | U82: 1 | V82: 1 | W82: 1 | X82: 1
A83: 5 | B83: Шатны төмөр бетон гишгүүр чигжиж цутгах В25 ([k1=0.8], [k2=0.8]) | C83: 0.04 | D83: =+C83*$D$63 -> 0.0009699107 | E83: 1 | F83: 1 | G83: 1 | H83: 1 | I83: 1 | J83: 1 | K83: 1 | L83: 1 | M83: 1 | N83: 1 | O83: 1 | P83: 1 | Q83: 1 | R83: 1 | S83: 1 | T83: 1 | U83: 1 | V83: 1 | W83: 1 | X83: 1
A84: =+A83+1 -> 6 | B84: Шатны төмөр бетон гишгүүр чигжиж арматурчлах | C84: 0.01 | D84: =+C84*$D$63 -> 0.00024247768 | E84: 1 | F84: 1 | G84: 1 | H84: 1 | I84: 1 | J84: 1 | K84: 1 | L84: 1 | M84: 1 | N84: 1 | O84: 1 | P84: 1 | Q84: 1 | R84: 1 | S84: 1 | T84: 1 | U84: 1 | V84: 1 | W84: 1 | X84: 1
A85: 3.3 | B85: 3-р давхар цутгалт | C85: =+SUM(C86:C95) -> 1 | D85: =+D74 -> 0.024247768
A86: 1 | B86: 3м хүртэл өндөр 300мм хүртэл зузаан төмөр бетон хана цутгах В25 ([k1=0.9]) | C86: 0.43 | D86: =+C86*$D$63 -> 0.01042654 | E86: 1 | F86: 1 | G86: 1 | H86: 1 | I86: 1 | J86: 1 | K86: 1 | L86: 1 | M86: 1 | N86: 1 | O86: 1 | P86: 1 | Q86: 1 | R86: 1 | S86: 1 | T86: 1 | U86: 1 | V86: 1 | W86: 1 | X86: 1
A87: =+A86+1 -> 2 | B87: Ханын арматурчлал хийх | C87: 0.15 | D87: =+C87*$D$63 -> 0.0036371651 | E87: 1 | F87: 1 | G87: 1 | H87: 1 | I87: 1 | J87: 1 | K87: 1 | L87: 1 | M87: 1 | N87: 1 | O87: 1 | P87: 1 | Q87: 1 | R87: 1 | S87: 1 | T87: 1 | U87: 1 | V87: 1 | W87: 1 | X87: 1
A88: 2 | B88: Төмөр бетон хүчилт цутгах В25 ([k1=0.9]) | C88: 0.2 | D88: =+C88*$D$63 -> 0.0048495535 | E88: 1 | F88: 1 | G88: 1 | H88: 1 | I88: 1 | J88: 1 | K88: 1 | L88: 1 | M88: 1 | N88: 1 | O88: 1 | P88: 1 | Q88: 1 | R88: 1 | S88: 1 | T88: 1 | U88: 1 | V88: 1 | W88: 1 | X88: 1
A89: =+A88+1 -> 3 | B89: Хучилтын арматурчлал хийх | C89: 0.14 | D89: =+C89*$D$63 -> 0.0033946875 | E89: 1 | F89: 1 | G89: 1 | H89: 1 | I89: 1 | J89: 1 | K89: 1 | L89: 1 | M89: 1 | N89: 1 | O89: 1 | P89: 1 | Q89: 1 | R89: 1 | S89: 1 | T89: 1 | U89: 1 | V89: 1 | W89: 1 | X89: 1
A90: 3 | B90: Парпетны төмөр бетон хана цутгах В25 ([k1=0.9]) | C90: 0.01 | D90: =+C90*$D$63 -> 0.00024247768 | E90: 1 | F90: 1 | G90: 1 | H90: 1 | I90: 1 | J90: 1 | K90: 1 | L90: 1 | M90: 1 | N90: 1 | O90: 1 | P90: 1 | Q90: 1 | R90: 1 | S90: 1 | T90: 1 | U90: 1 | V90: 1 | W90: 1 | X90: 1
A91: =+A90+1 -> 4 | B91: Парпетны төмөр бетон хана арматурчлал хийх | C91: 0.005 | D91: =+C91*$D$63 -> 0.00012123884 | E91: 1 | F91: 1 | G91: 1 | H91: 1 | I91: 1 | J91: 1 | K91: 1 | L91: 1 | M91: 1 | N91: 1 | O91: 1 | P91: 1 | Q91: 1 | R91: 1 | S91: 1 | T91: 1 | U91: 1 | V91: 1 | W91: 1 | X91: 1
A92: 4 | B92: Шатны дам нуруу цутгах В25 ([k1=0.8]) | C92: 0.01 | D92: =+C92*$D$63 -> 0.00024247768 | E92: 1 | F92: 1 | G92: 1 | H92: 1 | I92: 1 | J92: 1 | K92: 1 | L92: 1 | M92: 1 | N92: 1 | O92: 1 | P92: 1 | Q92: 1 | R92: 1 | S92: 1 | T92: 1 | U92: 1 | V92: 1 | W92: 1 | X92: 1
A93: =+A92+1 -> 5 | B93: Шатны дам нуруу арматурчлах | C93: 0.005 | D93: =+C93*$D$63 -> 0.00012123884 | E93: 1 | F93: 1 | G93: 1 | H93: 1 | I93: 1 | J93: 1 | K93: 1 | L93: 1 | M93: 1 | N93: 1 | O93: 1 | P93: 1 | Q93: 1 | R93: 1 | S93: 1 | T93: 1 | U93: 1 | V93: 1 | W93: 1 | X93: 1
A94: 5 | B94: Шатны төмөр бетон гишгүүр чигжиж цутгах В25 ([k1=0.8], [k2=0.8]) | C94: 0.04 | D94: =+C94*$D$63 -> 0.0009699107 | E94: 1 | F94: 1 | G94: 1 | H94: 1 | I94: 1 | J94: 1 | K94: 1 | L94: 1 | M94: 1 | N94: 1 | O94: 1 | P94: 1 | Q94: 1 | R94: 1 | S94: 1 | T94: 1 | U94: 1 | V94: 1 | W94: 1 | X94: 1
A95: =+A94+1 -> 6 | B95: Шатны төмөр бетон гишгүүр чигжиж арматурчлах | C95: 0.01 | D95: =+C95*$D$63 -> 0.00024247768 | E95: 1 | F95: 1 | G95: 1 | H95: 1 | I95: 1 | J95: 1 | K95: 1 | L95: 1 | M95: 1 | N95: 1 | O95: 1 | P95: 1 | Q95: 1 | R95: 1 | S95: 1 | T95: 1 | U95: 1 | V95: 1 | W95: 1 | X95: 1
A96: 3.4 | B96: 4-р давхар цутгалт | C96: =+SUM(C97:C106) -> 0 | D96: =+D85 -> 0.024247768 | E96: 1 | F96: 1 | G96: 1 | H96: 1 | I96: 1 | J96: 1 | K96: 1 | L96: 1 | M96: 1 | N96: 1 | O96: 1 | P96: 1 | Q96: 1 | R96: 1 | S96: 1 | T96: 1 | U96: 1 | V96: 1 | W96: 1 | X96: 1
A97: 3.5 | B97: 5-р давхар цутгалт | C97: =+SUM(C98:C107) -> 0 | D97: =+D96 -> 0.024247768 | E97: 1 | F97: 1 | G97: 1 | H97: 1 | I97: 1 | J97: 1 | K97: 1 | L97: 1 | M97: 1 | N97: 1 | O97: 1 | P97: 1 | Q97: 1 | R97: 1 | S97: 1 | T97: 1 | U97: 1 | V97: 1 | W97: 1 | X97: 1
A98: 3.6 | B98: 6-р давхар цутгалт | C98: =+SUM(C99:C108) -> 0 | D98: =+D97 -> 0.024247768 | E98: 1 | F98: 1 | G98: 1 | H98: 1 | I98: 1 | J98: 1 | K98: 1 | L98: 1 | M98: 1 | N98: 1 | O98: 1 | P98: 1 | Q98: 1 | R98: 1 | S98: 1 | T98: 1 | U98: 1 | V98: 1 | W98: 1 | X98: 1
A99: 3.7 | B99: 7-р давхар цутгалт | C99: =+SUM(C100:C109) -> 0 | D99: =+D98 -> 0.024247768 | E99: 1 | F99: 1 | G99: 1 | H99: 1 | I99: 1 | J99: 1 | K99: 1 | L99: 1 | M99: 1 | N99: 1 | O99: 1 | P99: 1 | Q99: 1 | R99: 1 | S99: 1 | T99: 1 | U99: 1 | V99: 1 | W99: 1 | X99: 1
A100: 3.8 | B100: 8-р давхар цутгалт | C100: =+SUM(C101:C110) -> 0 | D100: =+D99 -> 0.024247768 | E100: 1 | F100: 1 | G100: 1 | H100: 1 | I100: 1 | J100: 1 | K100: 1 | L100: 1 | M100: 1 | N100: 1 | O100: 1 | P100: 1 | Q100: 1 | R100: 1 | S100: 1 | T100: 1 | U100: 1 | V100: 1 | W100: 1 | X100: 1
A101: 3.9 | B101: 9-р давхар цутгалт | C101: 0 | D101: =+D100 -> 0.024247768 | E101: 1 | F101: 1 | G101: 1 | H101: 1 | I101: 1 | J101: 1 | K101: 1 | L101: 1 | M101: 1 | N101: 1 | O101: 1 | P101: 1 | Q101: 1 | R101: 1 | S101: 1 | T101: 1 | U101: 1 | V101: 1 | W101: 1 | X101: 1
A102: 3.1 | B102: Техникийн давхар цутгалт | C102: 0 | D102: =+D101 -> 0.024247768 | E102: 1 | F102: 1 | G102: 1 | H102: 1 | I102: 1 | J102: 1 | K102: 1 | L102: 1 | M102: 1 | N102: 1 | O102: 1 | P102: 1 | Q102: 1 | R102: 1 | S102: 1 | T102: 1 | U102: 1 | V102: 1 | W102: 1 | X102: 1
...

Sheet БАГЦ-1 2027
A2: БАГЦ 1 БАРИЛГА УГСРАЛТЫН ГҮЙЦЭТГЭЛ
E3: Байгууллага | G3: "Сэлбэ хорин минутын хот корпорац"ХХК | L3: Шифр
E4: Харьяалах газар | G4: БАГЦ-1 | L4: Хувилбар, №
E5: Баримт бичгийн нэр | G5: Талбайн мэдээлэл | L5: Батлагдсан огноо
A7: № | B7: Ажил | C7: Хувийн жин | E7: Ажил гүйцэтгэл (12 барилга) | Y7: Хийгдсэн гүйцэтгэл | Z7: Дутуу гүйцэтгэл
E8: 71 айл 9 давхар | Q8: 117 айл 12 давхар
E9: 5/1 барилга | F9: 5/2 барилга | G9: 5/3 барилга | H9: 5/4 барилга | I9: 5/5 барилга | J9: 5/6 барилга | K9: 5/7 барилга | L9: 5/8 барилга | M9: 5/9 барилга | N9: 5/10 барилга | O9: 5/11 барилга | P9: 5/12 барилга | Q9: 29/1 барилга | R9: 29/2 барилга | S9: 29/3 барилга | T9: 29/4 барилга | U9: 29/5 барилга | V9: 29/6 барилга | W9: 29/7 барилга | X9: 29/8 барилга
A10: A. Бэлтгэл ажил | C10: =+SUM(C11:C18) -> 1 | D10: =+SUM(D11:D18) -> 1
A11: 1 | B11: Талбайн түр хашаа барих | C11: 0.1 | D11: 0.1 | E11: 1 | F11: 1 | G11: 1 | H11: 1 | I11: 1 | J11: 1 | K11: 1 | L11: 1 | M11: 1 | N11: 1 | O11: 1 | P11: 1 | Q11: 1 | R11: 1 | S11: 1 | T11: 1 | U11: 1 | V11: 1 | W11: 1 | X11: 1
A12: 2 | B12: Талбайн гэрэлтүүлэг | C12: 0.15 | D12: 0.15 | E12: 1 | F12: 1 | G12: 1 | H12: 1 | I12: 1 | J12: 1 | K12: 1 | L12: 1 | M12: 1 | N12: 1 | O12: 1 | P12: 1 | Q12: 1 | R12: 1 | S12: 1 | T12: 1 | U12: 1 | V12: 1 | W12: 1 | X12: 1
A13: 3 | B13: Талбайн камер | C13: 0.15 | D13: 0.15 | E13: 1 | F13: 1 | G13: 1 | H13: 1 | I13: 1 | J13: 1 | K13: 1 | L13: 1 | M13: 1 | N13: 1 | O13: 1 | P13: 1 | Q13: 1 | R13: 1 | S13: 1 | T13: 1 | U13: 1 | V13: 1 | W13: 1 | X13: 1
A14: 4 | B14: Харуул хамгаалалт | C14: 0.15 | D14: 0.15 | E14: 1 | F14: 1 | G14: 1 | H14: 1 | I14: 1 | J14: 1 | K14: 1 | L14: 1 | M14: 1 | N14: 1 | O14: 1 | P14: 1 | Q14: 1 | R14: 1 | S14: 1 | T14: 1 | U14: 1 | V14: 1 | W14: 1 | X14: 1
A15: 5 | B15: Түр цахилгаан хангамж | C15: 0.1 | D15: 0.1 | E15: 1 | F15: 1 | G15: 1 | H15: 1 | I15: 1 | J15: 1 | K15: 1 | L15: 1 | M15: 1 | N15: 1 | O15: 1 | P15: 1 | Q15: 1 | R15: 1 | S15: 1 | T15: 1 | U15: 1 | V15: 1 | W15: 1 | X15: 1
A16: 6 | B16: Түр барилга байгууламж | C16: 0.15 | D16: 0.15 | E16: 1 | F16: 1 | G16: 1 | H16: 1 | I16: 1 | J16: 1 | K16: 1 | L16: 1 | M16: 1 | N16: 1 | O16: 1 | P16: 1 | Q16: 1 | R16: 1 | S16: 1 | T16: 1 | U16: 1 | V16: 1 | W16: 1 | X16: 1
A17: 7 | B17: Түр зам засах /Тэгшилгээ/ | C17: 0.1 | D17: 0.1 | E17: 1 | F17: 1 | G17: 1 | H17: 1 | I17: 1 | J17: 1 | K17: 1 | L17: 1 | M17: 1 | N17: 1 | O17: 1 | P17: 1 | Q17: 1 | R17: 1 | S17: 1 | T17: 1 | U17: 1 | V17: 1 | W17: 1 | X17: 1
A18: 8 | B18: Кран угсрах | C18: 0.1 | D18: 0.1 | E18: 1 | F18: 1 | G18: 1 | H18: 1 | I18: 1 | J18: 1 | K18: 1 | L18: 1 | M18: 1 | N18: 1 | O18: 1 | P18: 1 | Q18: 1 | R18: 1 | S18: 1 | T18: 1 | U18: 1 | V18: 1 | W18: 1 | X18: 1
A19: Б. БАРИЛГА УГСРАЛТЫН АЖИЛ | D19: =+D20+D111+D112+D113+D114 -> 1 | E19: =+$D20*E20+$D111*E111+$D112*E112+$D113*E113+$D114*E114 -> 0.6826491 | F19: =+$D20*F20+$D111*F111+$D112*F112+$D113*F113+$D114*F114 -> 0.6826491 | G19: =+$D20*G20+$D111*G111+$D112*G112+$D113*G113+$D114*G114 -> 0.6826491 | H19: =+$D20*H20+$D111*H111+$D112*H112+$D113*H113+$D114*H114 -> 0.6826491 | I19: =+$D20*I20+$D111*I111+$D112*I112+$D113*I113+$D114*I114 -> 0.6826491 | J19: =+$D20*J20+$D111*J111+$D112*J112+$D113*J113+$D114*J114 -> 0.6826491 | K19: =+$D20*K20+$D111*K111+$D112*K112+$D113*K113+$D114*K114 -> 0.6826491 | L19: =+$D20*L20+$D111*L111+$D112*L112+$D113*L113+$D114*L114 -> 0.6826491 | ... X19: =+$D20*X20+$D111*X111+$D112*X112+$D113*X113+$D114*X114 -> 0.6826491
A20: Б1 | B20: БАРИЛГЫН АЖИЛ | D20: =+D21+D38+D62+D103+D104+D105+D106+D107+D108+D109+D110 -> 0.7829387 | E20: =+(+$D21*E21+$D38*E38+$D62*E62+$D103*E103+$D104*E104+$D105*E105+$D106*E106+$D107*E107+$D108*E108+$D109*E109+$D110*E110)/$D20 -> 0.59466699 | F20: =+(+$D21*F21+$D38*F38+$D62*F62+$D103*F103+$D104*F104+$D105*F105+$D106*F106+$D107*F107+$D108*F108+$D109*F109+$D110*F110)/$D20 -> 0.59466699 | G20: =+(+$D21*G21+$D38*G38+$D62*G62+$D103*G103+$D104*G104+$D105*G105+$D106*G106+$D107*G107+$D108*G108+$D109*G109+$D110*G110)/$D20 -> 0.59466699 | H20: =+(+$D21*H21+$D38*H38+$D62*H62+$D103*H103+$D104*H104+$D105*H105+$D106*H106+$D107*H107+$D108*H108+$D109*H109+$D110*H110)/$D20 -> 0.59466699 | I20: =+(+$D21*I21+$D38*I38+$D62*I62+$D103*I103+$D104*I104+$D105*I105+$D106*I106+$D107*I107+$D108*I108+$D109*I109+$D110*I110)/$D20 -> 0.59466699 | J20: =+(+$D21*J21+$D38*J38+$D62*J62+$D103*J103+$D104*J104+$D105*J105+$D106*J106+$D107*J107+$D108*J108+$D109*J109+$D110*J110)/$D20 -> 0.59466699 | K20: =+(+$D21*K21+$D38*K38+$D62*K62+$D103*K103+$D104*K104+$D105*K105+$D106*K106+$D107*K107+$D108*K108+$D109*K109+$D110*K110)/$D20 -> 0.59466699 | L20: =+(+$D21*L21+$D38*L38+$D62*L62+$D103*L103+$D104*L104+$D105*L105+$D106*L106+$D107*L107+$D108*L108+$D109*L109+$D110*L110)/$D20 -> 0.59466699 | ... X20: =+(+$D21*X21+$D38*X38+$D62*X62+$D103*X103+$D104*X104+$D105*X105+$D106*X106+$D107*X107+$D108*X108+$D109*X109+$D110*X110)/$D20 -> 0.59466699
A21: 1 | B21: ГАЗАР ШОРООНЫ АЖИЛ | D21: =+'[2]Construction-87'!$L$16 -> 0.022770818 | E21: =+(E22*$D22+$D29*E29+$D33*E33)/$D21 -> 0.4 | F21: =+(F22*$D22+$D29*F29+$D33*F33)/$D21 -> 0.4 | G21: =+(G22*$D22+$D29*G29+$D33*G33)/$D21 -> 0.4 | H21: =+(H22*$D22+$D29*H29+$D33*H33)/$D21 -> 0.4 | I21: =+(I22*$D22+$D29*I29+$D33*I33)/$D21 -> 0.4 | J21: =+(J22*$D22+$D29*J29+$D33*J33)/$D21 -> 0.4 | K21: =+(K22*$D22+$D29*K29+$D33*K33)/$D21 -> 0.4 | L21: =+(L22*$D22+$D29*L29+$D33*L33)/$D21 -> 0.4 | ... X21: =+(X22*$D22+$D29*X29+$D33*X33)/$D21 -> 0.4
A22: 1.1 | B22: Суурь ухлагын ажил | C22: =+SUM(C23:C28) -> 1 | D22: =+D21*40% -> 0.0091083272 | E22: =+SUMPRODUCT($C23:$C28,E23:E28) -> 1 | F22: =+SUMPRODUCT($C23:$C28,F23:F28) -> 1 | G22: =+SUMPRODUCT($C23:$C28,G23:G28) -> 1 | H22: =+SUMPRODUCT($C23:$C28,H23:H28) -> 1 | I22: =+SUMPRODUCT($C23:$C28,I23:I28) -> 1 | J22: =+SUMPRODUCT($C23:$C28,J23:J28) -> 1 | K22: =+SUMPRODUCT($C23:$C28,K23:K28) -> 1 | L22: =+SUMPRODUCT($C23:$C28,L23:L28) -> 1 | ... X22: =+SUMPRODUCT($C23:$C28,X23:X28) -> 1
A23: 1 | B23: Улаан шугамыг шалгаж,тэг тэнхлэг тавих | C23: 0.05 | D23: =+C23*$D$22 -> 0.00045541636 | E23: 1 | F23: 1 | G23: 1 | H23: 1 | I23: 1 | J23: 1 | K23: 1 | L23: 1 | M23: 1 | N23: 1 | O23: 1 | P23: 1 | Q23: 1 | R23: 1 | S23: 1 | T23: 1 | U23: 1 | V23: 1 | W23: 1 | X23: 1
A24: 2 | B24: Суурийн нүх ухах | C24: 0.6 | D24: =+C24*$D$22 -> 0.0054649963 | E24: 1 | F24: 1 | G24: 1 | H24: 1 | I24: 1 | J24: 1 | K24: 1 | L24: 1 | M24: 1 | N24: 1 | O24: 1 | P24: 1 | Q24: 1 | R24: 1 | S24: 1 | T24: 1 | U24: 1 | V24: 1 | W24: 1 | X24: 1
A25: 3 | B25: Суурь нээсэн хөрсний дүгнэлт үйлдэх | C25: 0.05 | D25: =+C25*$D$22 -> 0.00045541636 | E25: 1 | F25: 1 | G25: 1 | H25: 1 | I25: 1 | J25: 1 | K25: 1 | L25: 1 | M25: 1 | N25: 1 | O25: 1 | P25: 1 | Q25: 1 | R25: 1 | S25: 1 | T25: 1 | U25: 1 | V25: 1 | W25: 1 | X25: 1
A26: 4 | B26: Гар тэгшилгээ | C26: 0.1 | D26: =+C26*$D$22 -> 0.00091083272 | E26: 1 | F26: 1 | G26: 1 | H26: 1 | I26: 1 | J26: 1 | K26: 1 | L26: 1 | M26: 1 | N26: 1 | O26: 1 | P26: 1 | Q26: 1 | R26: 1 | S26: 1 | T26: 1 | U26: 1 | V26: 1 | W26: 1 | X26: 1
A27: 5 | B27: Буурь хөрсний нягтруулалт | C27: 0.15 | D27: =+C27*$D$22 -> 0.0013662491 | E27: 1 | F27: 1 | G27: 1 | H27: 1 | I27: 1 | J27: 1 | K27: 1 | L27: 1 | M27: 1 | N27: 1 | O27: 1 | P27: 1 | Q27: 1 | R27: 1 | S27: 1 | T27: 1 | U27: 1 | V27: 1 | W27: 1 | X27: 1
A28: 6 | B28: Буурь хөрсний нягтруулалтын тест | C28: 0.05 | D28: =+C28*$D$22 -> 0.00045541636 | E28: 1 | F28: 1 | G28: 1 | H28: 1 | I28: 1 | J28: 1 | K28: 1 | L28: 1 | M28: 1 | N28: 1 | O28: 1 | P28: 1 | Q28: 1 | R28: 1 | S28: 1 | T28: 1 | U28: 1 | V28: 1 | W28: 1 | X28: 1
A29: 1.2 | B29: Суурь буцаан булалтын ажил | C29: =+SUM(C30:C32) -> 1 | D29: =+D21*25% -> 0.0056927045
A30: 1 | B30: Бульдозероор суурийн хажуугаар хөрсөөр булах | C30: 0.5 | D30: =+C30*$D$29 -> 0.0028463522 | E30: 1 | F30: 1 | G30: 1 | H30: 1 | I30: 1 | J30: 1 | K30: 1 | L30: 1 | M30: 1 | N30: 1 | O30: 1 | P30: 1 | Q30: 1 | R30: 1 | S30: 1 | T30: 1 | U30: 1 | V30: 1 | W30: 1 | X30: 1
A31: 2 | B31: Суурийн шороог гараар булах | C31: 0.2 | D31: =+C31*$D$29 -> 0.0011385409 | E31: 1 | F31: 1 | G31: 1 | H31: 1 | I31: 1 | J31: 1 | K31: 1 | L31: 1 | M31: 1 | N31: 1 | O31: 1 | P31: 1 | Q31: 1 | R31: 1 | S31: 1 | T31: 1 | U31: 1 | V31: 1 | W31: 1 | X31: 1
A32: 3 | B32: Нягтруулах | C32: 0.3 | D32: =+C32*$D$29 -> 0.0017078113 | E32: 1 | F32: 1 | G32: 1 | H32: 1 | I32: 1 | J32: 1 | K32: 1 | L32: 1 | M32: 1 | N32: 1 | O32: 1 | P32: 1 | Q32: 1 | R32: 1 | S32: 1 | T32: 1 | U32: 1 | V32: 1 | W32: 1 | X32: 1
A33: 1.3 | B33: Бусад газар шорооны ажил | C33: =+SUM(C34:C37) -> 1 | D33: =+D21-D22-D29 -> 0.0079697863
A34: 1 | B34: Шалан доор шороо хийж нягтруулах | C34: 0.1 | D34: =+C34*$D$33 -> 0.00079697863 | E34: 1 | F34: 1 | G34: 1 | H34: 1 | I34: 1 | J34: 1 | K34: 1 | L34: 1 | M34: 1 | N34: 1 | O34: 1 | P34: 1 | Q34: 1 | R34: 1 | S34: 1 | T34: 1 | U34: 1 | V34: 1 | W34: 1 | X34: 1
A35: 2 | B35: Гадна довжоон доор шороо хийж нягтруулах ([k1=0.9]) | C35: 0.02 | D35: =+C35*$D$33 -> 0.00015939573 | E35: 1 | F35: 1 | G35: 1 | H35: 1 | I35: 1 | J35: 1 | K35: 1 | L35: 1 | M35: 1 | N35: 1 | O35: 1 | P35: 1 | Q35: 1 | R35: 1 | S35: 1 | T35: 1 | U35: 1 | V35: 1 | W35: 1 | X35: 1
A36: 3 | B36: Бетон хаяавчин доор шороо хийж нягтруулах ([k1=0.9]) | C36: 0.05 | D36: =+C36*$D$33 -> 0.00039848931 | E36: 1 | F36: 1 | G36: 1 | H36: 1 | I36: 1 | J36: 1 | K36: 1 | L36: 1 | M36: 1 | N36: 1 | O36: 1 | P36: 1 | Q36: 1 | R36: 1 | S36: 1 | T36: 1 | U36: 1 | V36: 1 | W36: 1 | X36: 1
A37: 4 | B37: Хүнхээлээс ус татах | C37: 0.83 | D37: =+C37*$D$33 -> 0.0066149226 | E37: 1 | F37: 1 | G37: 1 | H37: 1 | I37: 1 | J37: 1 | K37: 1 | L37: 1 | M37: 1 | N37: 1 | O37: 1 | P37: 1 | Q37: 1 | R37: 1 | S37: 1 | T37: 1 | U37: 1 | V37: 1 | W37: 1 | X37: 1
A38: 2 | B38: СУУРИЙН АЖИЛ | C38: =+SUM(C39:C61) -> 1 | D38: =+'[2]Construction-87'!$L$42 -> 0.061210736
A39: 1 | B39: Ус чийг тусгаарлагч дэвсэх /Плёнка/ | C39: 0.005 | D39: =+C39*$D$38 -> 0.00030605368 | E39: 1 | F39: 1 | G39: 1 | H39: 1 | I39: 1 | J39: 1 | K39: 1 | L39: 1 | M39: 1 | N39: 1 | O39: 1 | P39: 1 | Q39: 1 | R39: 1 | S39: 1 | T39: 1 | U39: 1 | V39: 1 | W39: 1 | X39: 1
A40: =+A39+1 -> 2 | B40: Хэв хашмал угсрах /150 мм/ | C40: 0.01 | D40: =+C40*$D$38 -> 0.00061210736 | E40: 1 | F40: 1 | G40: 1 | H40: 1 | I40: 1 | J40: 1 | K40: 1 | L40: 1 | M40: 1 | N40: 1 | O40: 1 | P40: 1 | Q40: 1 | R40: 1 | S40: 1 | T40: 1 | U40: 1 | V40: 1 | W40: 1 | X40: 1
A41: =+A40+1 -> 3 | B41: Бэлтгэл бетон цутгах /150мм/ W10- Ус тусгаарлагч нэмэлт | C41: 0.025 | D41: =+C41*$D$38 -> 0.0015302684 | E41: 1 | F41: 1 | G41: 1 | H41: 1 | I41: 1 | J41: 1 | K41: 1 | L41: 1 | M41: 1 | N41: 1 | O41: 1 | P41: 1 | Q41: 1 | R41: 1 | S41: 1 | T41: 1 | U41: 1 | V41: 1 | W41: 1 | X41: 1
A42: =+A41+1 -> 4 | B42: Хавтан суурийн хэмжээ тавих | C42: 0.005 | D42: =+C42*$D$38 -> 0.00030605368 | E42: 1 | F42: 1 | G42: 1 | H42: 1 | I42: 1 | J42: 1 | K42: 1 | L42: 1 | M42: 1 | N42: 1 | O42: 1 | P42: 1 | Q42: 1 | R42: 1 | S42: 1 | T42: 1 | U42: 1 | V42: 1 | W42: 1 | X42: 1
A43: =+A42+1 -> 5 | B43: Хавтан суурийн арматурчлах | C43: 0.01 | D43: =+C43*$D$38 -> 0.00061210736 | E43: 1 | F43: 1 | G43: 1 | H43: 1 | I43: 1 | J43: 1 | K43: 1 | L43: 1 | M43: 1 | N43: 1 | O43: 1 | P43: 1 | Q43: 1 | R43: 1 | S43: 1 | T43: 1 | U43: 1 | V43: 1 | W43: 1 | X43: 1
A44: =+A43+1 -> 6 | B44: Сууриас ханын гаргалгаа арматур арматурчилах | C44: 0.005 | D44: =+C44*$D$38 -> 0.00030605368 | E44: 1 | F44: 1 | G44: 1 | H44: 1 | I44: 1 | J44: 1 | K44: 1 | L44: 1 | M44: 1 | N44: 1 | O44: 1 | P44: 1 | Q44: 1 | R44: 1 | S44: 1 | T44: 1 | U44: 1 | V44: 1 | W44: 1 | X44: 1
A45: =+A44+1 -> 7 | B45: Нил суурийн бетон цутгалт хийх | C45: 0.52 | D45: =+C45*$D$38 -> 0.031829582 | E45: 1 | F45: 1 | G45: 1 | H45: 1 | I45: 1 | J45: 1 | K45: 1 | L45: 1 | M45: 1 | N45: 1 | O45: 1 | P45: 1 | Q45: 1 | R45: 1 | S45: 1 | T45: 1 | U45: 1 | V45: 1 | W45: 1 | X45: 1
A46: =+A45+1 -> 8 | B46: Краны суурь цутгах | C46: 0.1 | D46: =+C46*$D$38 -> 0.0061210736 | E46: 1 | F46: 1 | G46: 1 | H46: 1 | I46: 1 | J46: 1 | K46: 1 | L46: 1 | M46: 1 | N46: 1 | O46: 1 | P46: 1 | Q46: 1 | R46: 1 | S46: 1 | T46: 1 | U46: 1 | V46: 1 | W46: 1 | X46: 1
A47: =+A46+1 -> 9 | B47: Ус чийг тусгаарлагч зөөлөвч угсрах /Waterstop/ | C47: 0.015 | D47: =+C47*$D$38 -> 0.00091816103 | E47: 1 | F47: 1 | G47: 1 | H47: 1 | I47: 1 | J47: 1 | K47: 1 | L47: 1 | M47: 1 | N47: 1 | O47: 1 | P47: 1 | Q47: 1 | R47: 1 | S47: 1 | T47: 1 | U47: 1 | V47: 1 | W47: 1 | X47: 1
A48: =+A47+1 -> 10 | B48: Бетон шалны тэгшилгээ хийх В10 ([k1=0.8], [k2=0.7]) | C48: 0.06 | D48: =+C48*$D$38 -> 0.0036726441 | E48: 1 | F48: 1 | G48: 1 | H48: 1 | I48: 1 | J48: 1 | K48: 1 | L48: 1 | M48: 1 | N48: 1 | O48: 1 | P48: 1 | Q48: 1 | R48: 1 | S48: 1 | T48: 1 | U48: 1 | V48: 1 | W48: 1 | X48: 1
A49: =+A48+1 -> 11 | B49: Зоорийн бетон хана дотор талаас нь шавардах ([k1=0.8]) | C49: 0.01 | D49: =+C49*$D$38 -> 0.00061210736 | E49: 1 | F49: 1 | G49: 1 | H49: 1 | I49: 1 | J49: 1 | K49: 1 | L49: 1 | M49: 1 | N49: 1 | O49: 1 | P49: 1 | Q49: 1 | R49: 1 | S49: 1 | T49: 1 | U49: 1 | V49: 1 | W49: 1 | X49: 1
A50: =+A49+1 -> 12 | B50: Зоорийн ханын гадаргууд ус тусгаарлагчийг битум түрхлэгээр 2 үе хийх ([k1=0.8]) | C50: 0.01 | D50: =+C50*$D$38 -> 0.00061210736 | E50: 1 | F50: 1 | G50: 1 | H50: 1 | I50: 1 | J50: 1 | K50: 1 | L50: 1 | M50: 1 | N50: 1 | O50: 1 | P50: 1 | Q50: 1 | R50: 1 | S50: 1 | T50: 1 | U50: 1 | V50: 1 | W50: 1 | X50: 1
A51: =+A50+1 -> 13 | B51: Ус тусгаарлагч туузаар наах | C51: 0.01 | D51: =+C51*$D$38 -> 0.00061210736 | Q51: 1 | R51: 1 | S51: 1 | T51: 1 | U51: 1 | V51: 1 | W51: 1 | X51: 1
A52: =+A51+1 -> 14 | B52: Зоорийн хана XPS d=50mm хөөсөнцөрөөр дулаалах ([k1=0.9]) | C52: 0.05 | D52: =+C52*$D$38 -> 0.0030605368 | E52: 1 | F52: 1 | G52: 1 | H52: 1 | I52: 1 | J52: 1 | K52: 1 | L52: 1 | M52: 1 | N52: 1 | O52: 1 | P52: 1 | Q52: 1 | R52: 1 | S52: 1 | T52: 1 | U52: 1 | V52: 1 | W52: 1 | X52: 1
A53: =+A52+1 -> 15 | B53: Зоорийн хана полистрол бетон хавтангаар дулаалах ([k1=0.85]) | C53: 0.05 | D53: =+C53*$D$38 -> 0.0030605368 | E53: 1 | F53: 1 | G53: 1 | H53: 1 | I53: 1 | J53: 1 | K53: 1 | L53: 1 | M53: 1 | N53: 1 | O53: 1 | P53: 1 | Q53: 1 | R53: 1 | S53: 1 | T53: 1 | U53: 1 | V53: 1 | W53: 1 | X53: 1
A54: =+A53+1 -> 16 | B54: Зоорийн ханын гадаргууд ус тусгаарлагчийг битум түрхлэгээр 2 үе хийх ([k1=0.9]) | C54: 0.01 | D54: =+C54*$D$38 -> 0.00061210736 | E54: 1 | F54: 1 | G54: 1 | H54: 1 | I54: 1 | J54: 1 | K54: 1 | L54: 1 | M54: 1 | N54: 1 | O54: 1 | P54: 1 | Q54: 1 | R54: 1 | S54: 1 | T54: 1 | U54: 1 | V54: 1 | W54: 1 | X54: 1
